experiment_id,quarter_idx,rolling_window_start,rolling_window_end,step,selected_feature,coefficient,residual_correlation,train_r2,train_rankic,marginal_improvement,stable_core_restricted
rb_003,13,1,12,1,composite_净资产收益率_TTM_x_bm,-3.126998461258084,0.0861624019582948,0.00742395744890767,0.10670775679906049,0.007423957448907615,False
rb_003,13,1,12,2,composite_流通市值_x_itgr,2.6758520407409367,0.0735716886699843,0.01282863808037693,0.13384422706196733,0.005445104858241724,False
rb_003,13,1,12,3,composite_市净率PB_LF_x_ntis,-2.563834963538246,0.07035211869977019,0.017766748552749734,0.16088808979915903,0.005002282949912854,False
rb_003,13,1,12,4,composite_销售毛利率_TTM_x_dp,-2.2226729649540973,0.06164224469130173,0.021508220844177806,0.17867845288392822,0.0038091484745759693,False
rb_003,13,1,12,5,composite_净资产收益率_TTM_x_itgr,2.188283492820541,0.04912705540194919,0.02443918121883326,0.18489126239730488,0.0029953857938225673,False
rb_003,14,2,13,1,composite_净资产收益率_TTM_x_bm,-2.5557332896513696,0.07196252973994435,0.0051786042472108385,0.09063927383068211,0.00517860424721085,False
rb_003,14,2,13,2,composite_市净率PB_LF_x_ntis,-2.5423743534948806,0.07125098320184821,0.010266570374991568,0.13032895366489075,0.005114451849852507,False
rb_003,14,2,13,3,composite_净资产收益率_TTM_x_itgr,2.5053424682571173,0.06936345732891956,0.015137258804156284,0.1468017376490169,0.0049212124026265566,False
rb_003,14,2,13,4,composite_净资产收益率_TTM_x_dp,-2.3398322844623065,0.0662947458762629,0.01947299889003684,0.15858213754862457,0.004402380052083196,False
rb_003,14,2,13,5,composite_流通市值_x_mtr,1.609438743112155,0.044237819951951016,0.02145776289560375,0.1613483672085709,0.0020241808775486856,False
rb_003,15,3,14,1,composite_总市值_证监会算法_x_bm,-2.8693070113490795,0.08075221137736228,0.00652091782888653,0.10303405569306143,0.006520917828886516,False
rb_003,15,3,14,2,composite_市净率PB_LF_x_ntis,-2.037292071754412,0.05746276013048034,0.009805031414451437,0.12364217576020746,0.003305669585300161,False
rb_003,15,3,14,3,composite_总资产报酬率_TTM_x_svar,-1.8607133807620095,0.05016598628037977,0.012418320027132279,0.1446713023490144,0.002639165715428459,False
rb_003,15,3,14,4,composite_流通市值_x_mtr,1.8996249313543523,0.05161712670141494,0.015159688169307683,0.15392022529756297,0.0027758394042412724,False
rb_003,15,3,14,5,composite_销售净利率_TTM_x_m2gr,-1.8179035837255624,0.04993048925618389,0.01769728039308316,0.16404296052802744,0.0025766534871611694,False
rb_003,16,4,15,1,composite_总市值_证监会算法_x_bm,-3.3829012775603973,0.09433152140369759,0.008898433453675247,0.1186140882928895,0.008898433453675263,False
rb_003,16,4,15,2,composite_净资产收益率_TTM_x_svar,-2.738061066069196,0.07570470416594183,0.014651712502492198,0.15365159756304253,0.005804933866531286,False
rb_003,16,4,15,3,composite_市净率PB_LF_x_ntis,-2.119245693584141,0.0587491647915659,0.018099048010169594,0.16536901768219958,0.0034985959293972677,False
rb_003,16,4,15,4,composite_总资产报酬率_TTM_x_infl,1.466656679089834,0.03683556655496779,0.01959314905073939,0.16848033653975725,0.0015216412995038126,False
rb_003,16,4,15,5,composite_销售净利率_TTM_x_m2gr,-1.3786319328936822,0.03652038337357394,0.020984750189941503,0.17345910064294903,0.0014194118878858683,False
rb_003,17,5,16,1,composite_流通市值_x_bm,-3.066535022526963,0.08375225411489416,0.0070144381153696145,0.10529012399666207,0.007014438115369591,False
rb_003,17,5,16,2,composite_净资产收益率_TTM_x_svar,-2.8158105540530145,0.07696319078470618,0.012914161369792176,0.1450594874494215,0.005941398828826105,False
rb_003,17,5,16,3,composite_市净率PB_LF_x_itgr,-1.7659697576881517,0.04832421785803529,0.0152313162359633,0.1506453026970913,0.002347470478744504,False
rb_003,17,5,16,4,composite_总资产报酬率_TTM_x_infl,1.550126435414343,0.040932907525486964,0.016952210050592664,0.15427895312221973,0.001747510702768881,False
rb_003,17,5,16,5,composite_销售净利率_TTM_x_m2gr,-1.6734183130028224,0.04074288198830228,0.01880040621713186,0.16319218821639436,0.0018800674651171675,False
rb_003,18,6,17,1,composite_净资产收益率_TTM_x_m2gr,-3.345892145205356,0.0890493271180931,0.007929780460562363,0.11156720406146023,0.007929780460562405,False
rb_003,18,6,17,2,composite_净资产收益率_TTM_x_ep,-2.9834497008618484,0.05978198720458609,0.012662704214583043,0.11828081454497895,0.004770754792153564,False
rb_003,18,6,17,3,composite_市净率PB_LF_x_itgr,-2.102354321742247,0.056135514884274255,0.015781860880591525,0.12314606901975837,0.003159160176894993,False
rb_003,18,6,17,4,composite_流通市值_x_bm,-2.165666492009681,0.054970286177419,0.01892125167160763,0.15156185768780991,0.003189730676804016,False
rb_003,18,6,17,5,composite_流通市值_x_ntis,-2.0385388258746913,0.0388792438895738,0.021012287352298542,0.15810837762687507,0.0021313637506201154,False
rb_003,19,7,18,1,composite_净资产收益率_TTM_x_m2gr,-3.3993418780087983,0.08715602256884938,0.007596170163204352,0.10963594729627747,0.007596170163204344,False
rb_003,19,7,18,2,composite_流通市值_x_mtr,2.5609354173885785,0.06219648398422444,0.011662926005787555,0.1203555681078784,0.004097884067267269,False
rb_003,19,7,18,3,composite_市净率PB_LF_x_infl,1.8137995233836302,0.04654182258765516,0.01380394859801548,0.12885588748317836,0.002166287847095827,False
rb_003,19,7,18,4,composite_经营活动净收益_利润总额_TTM_x_ep,-1.722753106029158,0.04246819479075765,0.01566280994678304,0.13314634814374787,0.0018848801372961866,False
rb_003,19,7,18,5,composite_流通市值_x_bm,-1.5055433972852648,0.03723031275635934,0.01708553740547525,0.1472294475910234,0.0014453659508844748,False
rb_003,20,8,19,1,composite_净资产收益率_TTM_x_m2gr,-2.5406368531280137,0.06278164917523409,0.003941534380045186,0.0800749652665666,0.003941534380045178,False
rb_003,20,8,19,2,composite_流通市值_x_infl,2.5266713279926782,0.062406828641854796,0.007822042806067686,0.10487049783386862,0.0038958641083455324,False
rb_003,20,8,19,3,composite_净资产收益率_TTM_x_ntis,-2.121153933910344,0.048535888524390745,0.010355894127381915,0.1242316867658314,0.0025538274690968155,False
rb_003,20,8,19,4,composite_销售毛利率_TTM_x_dp,-1.9239987493207014,0.04694017689144136,0.012574762671694995,0.13818337129303138,0.002242087363675705,False
rb_003,20,8,19,5,composite_经营活动净收益_利润总额_TTM_x_ep,-1.5785282334641009,0.0380595408483856,0.014045986217806727,0.1361961928638005,0.0014899594323641168,False
rb_003,21,9,20,1,composite_净资产收益率_TTM_x_ntis,-2.934815642343267,0.07159663194240858,0.005126076283563652,0.08858468930795485,0.0051260762835636,False
rb_003,21,9,20,2,composite_流通市值_x_infl,2.3507288699039255,0.05602404803733752,0.00832580550369122,0.10663272354058206,0.0032162157875992867,False
rb_003,21,9,20,3,composite_销售毛利率_TTM_x_m2gr,-2.068023889666017,0.05047104475287532,0.010861561935632036,0.12364092171440742,0.002557045898757798,False
rb_003,21,9,20,4,composite_市净率PB_LF_x_ep,-1.852321138302597,0.045250875930836786,0.012892744490167751,0.1354199214223788,0.002053486626715838,False
rb_003,21,9,20,5,composite_总资产周转率_TTM_x_m2gr,-1.8611385863678025,0.04157743197831818,0.014769482117268029,0.14330119196229268,0.00190124995700794,False
rb_003,22,10,21,1,composite_净资产收益率_TTM_x_ntis,-3.3461608353758954,0.07980988192933951,0.006369615486955249,0.10006001543119507,0.006369615486955302,False
rb_003,22,10,21,2,composite_市销率PS_TTM_x_infl,1.9499427476364615,0.04648980221356361,0.008517159881776482,0.10883996180969012,0.0021613111155751176,False
rb_003,22,10,21,3,composite_销售毛利率_TTM_x_m2gr,-1.697993619575916,0.04046209213034784,0.010148595097421609,0.11746781725433186,0.0016454497744515712,False
rb_003,22,10,21,4,composite_流通市值_x_itgr,-1.8346065937249094,0.03988352349284453,0.011882376426456398,0.12674858667641442,0.0017515571735794272,False
rb_003,22,10,21,5,composite_市净率PB_LF_x_svar,1.5172896653584877,0.03483384469954399,0.013130742031745024,0.1339621104579034,0.001263377532700843,False
rb_003,23,11,22,1,composite_净资产收益率_TTM_x_ntis,-3.400235120486294,0.07770835991084421,0.0060385875254000965,0.0951682651602925,0.00603858752540008,False
rb_003,23,11,22,2,composite_市净率PB_LF_x_svar,2.6394647532683817,0.06018826441797103,0.009646267428142341,0.1269337800425393,0.003629597545200985,False
rb_003,23,11,22,3,composite_流通市值_x_itgr,-2.006382474465372,0.04372966488953778,0.011639454335755528,0.13811970847456517,0.002012600995037386,False
rb_003,23,11,22,4,composite_市净率PB_LF_x_m2gr,-1.8556292878495049,0.042534753878007266,0.013431733168474791,0.1413679225752542,0.0018133856522112952,False
rb_003,23,11,22,5,composite_销售毛利率_TTM_x_dp,-1.6612918662488134,0.03739801299005366,0.014840959706100443,0.14791963555031745,0.0014284125944488406,False
rb_003,24,12,23,1,composite_净资产收益率_TTM_x_itgr,-2.9627713922109002,0.06546244228858175,0.004285330160974543,0.0865714442212249,0.004285330160974587,False
rb_003,24,12,23,2,composite_市净率PB_LF_x_svar,2.496594726188603,0.055099708085651476,0.007309651358328728,0.11611090811409847,0.0030373371900236337,False
rb_003,24,12,23,3,composite_市净率PB_LF_x_m2gr,-1.9460404390028587,0.04314037890834554,0.00915721275179171,0.12425821508474441,0.0018611658670712953,False
rb_003,24,12,23,4,composite_净资产收益率_TTM_x_ntis,-1.9877905930205133,0.03870863685241966,0.010849169877849119,0.13680359441498097,0.0017075939269400803,False
rb_003,24,12,23,5,composite_总市值_证监会算法_x_itgr,-2.0457800619444817,0.03647659088980955,0.012487556839384073,0.14432842376357988,0.0016563570606644696,False
rb_003,25,13,24,1,composite_总市值_证监会算法_x_bm,3.5821191586606504,0.08298630649799711,0.006886725152842499,0.09747451408520331,0.006886725152842466,False
rb_003,25,13,24,2,composite_市净率PB_LF_x_svar,2.891566980887924,0.06706198054539717,0.011353941988014316,0.12983071725126494,0.00449819466551723,False
rb_003,25,13,24,3,composite_净资产收益率_TTM_x_ntis,-2.589987631696238,0.05912897972297727,0.014883655956637543,0.1580305845626575,0.003570250384370078,False
rb_003,25,13,24,4,composite_流通市值_x_svar,2.342836598727915,0.050444035983573575,0.017599513948800882,0.16132785622817278,0.0027568906034146044,False
rb_003,25,13,24,5,composite_流通市值_x_m2gr,1.83805519639815,0.04055024940526546,0.019312131441578617,0.1696834452143338,0.001743298702611284,False
rb_003,26,14,25,1,composite_总市值_证监会算法_x_bm,3.976733419392732,0.09157965955660315,0.008386831714699228,0.1104073201289831,0.008386831714699228,True
rb_003,26,14,25,2,composite_市净率PB_LF_x_svar,3.0130486425502414,0.06955516070539987,0.01318616700380082,0.13851320478777127,0.004839926941874544,True
rb_003,26,14,25,3,composite_净资产收益率_TTM_x_ntis,-2.6329174181654564,0.059791711143342245,0.016789426891219317,0.16499993948786867,0.003651407962612518,True
rb_003,27,15,26,1,composite_市净率PB_LF_x_svar,3.564749363075399,0.08126053221006088,0.006603272250795933,0.10502932955217162,0.006603272250795921,True
rb_003,27,15,26,2,composite_总市值_证监会算法_x_bm,3.2032119883848638,0.07335008833130202,0.011948545642586739,0.12955250335826007,0.005380804307561878,True
rb_003,27,15,26,3,composite_净资产收益率_TTM_x_ntis,-2.2098021602619213,0.04970853385714326,0.014442293496938152,0.1475488775623897,0.0025239048466087414,True
rb_003,28,16,27,1,composite_市净率PB_LF_x_svar,3.736918676798818,0.08536137107043229,0.007286561635303168,0.11033957179152792,0.007286561635303162,True
rb_003,28,16,27,2,composite_流通市值_x_itgr,-2.8120353887775655,0.0645595516644801,0.011424411987712602,0.1244471521033924,0.004168222361556603,True
rb_003,28,16,27,3,composite_净资产收益率_TTM_x_ntis,-2.1293964390284157,0.04791400207096156,0.013746746239444607,0.13951074733460686,0.0023491721623447085,True
rb_003,29,17,28,1,composite_市净率PB_LF_x_svar,4.110621571160153,0.0944565106046304,0.008922029903690731,0.12423040647257143,0.00892202990369072,True
rb_003,29,17,28,2,composite_流通市值_x_itgr,-2.733626599577677,0.0631750813916543,0.012878074846312537,0.13538549815044595,0.003991658640376533,True
rb_003,29,17,28,3,composite_净资产收益率_TTM_x_ntis,-1.9656970741575412,0.04469101494647917,0.014887882166864763,0.14784306339396544,0.002036027434239507,True
rb_003,30,18,29,1,composite_市净率PB_LF_x_svar,3.400811847373427,0.0796613874698316,0.006345934880385262,0.1122288441159077,0.0063459348803852865,True
rb_003,30,18,29,2,composite_净资产收益率_TTM_x_m2gr,2.3396110428145507,0.054524234627616935,0.009329826223757887,0.13608654368124548,0.003002947854909039,True
rb_003,30,18,29,3,composite_流通市值_x_mtr,-1.7888605271156557,0.04130683869217479,0.01104903565340487,0.1443545282165206,0.0017354004139376747,True
