quarter_idx,split,stock_id,stock_name,future_return_1q,score,portfolio_rank,weight,strategy,score_col,topk,buffer_rule
13,train,600421.SH,华嵘控股,-29.1139240506329,1.0,1,0.05,robust__pure_stagewise_score__none_top20_buffer,robust__pure_stagewise_score__none,20,buffer
13,train,600234.SH,*ST科新,-9.20398009950247,0.9992977528089888,2,0.05,robust__pure_stagewise_score__none_top20_buffer,robust__pure_stagewise_score__none,20,buffer
13,train,300163.SZ,ST先锋,-0.740740740740753,0.9985955056179776,3,0.05,robust__pure_stagewise_score__none_top20_buffer,robust__pure_stagewise_score__none,20,buffer
13,train,002693.SZ,双成药业,-6.28803245436105,0.9978932584269664,4,0.05,robust__pure_stagewise_score__none_top20_buffer,robust__pure_stagewise_score__none,20,buffer
13,train,002098.SZ,浔兴股份,-44.0579710144928,0.9971910112359552,5,0.05,robust__pure_stagewise_score__none_top20_buffer,robust__pure_stagewise_score__none,20,buffer
13,train,000820.SZ,神雾节能,-64.1452344931921,0.9964887640449438,6,0.05,robust__pure_stagewise_score__none_top20_buffer,robust__pure_stagewise_score__none,20,buffer
13,train,000518.SZ,四环生物,-12.7139364303179,0.9957865168539326,7,0.05,robust__pure_stagewise_score__none_top20_buffer,robust__pure_stagewise_score__none,20,buffer
13,train,300069.SZ,金利华电,28.8163265306122,0.9950842696629212,8,0.05,robust__pure_stagewise_score__none_top20_buffer,robust__pure_stagewise_score__none,20,buffer
13,train,300173.SZ,福能东方,-15.2631578947368,0.99438202247191,9,0.05,robust__pure_stagewise_score__none_top20_buffer,robust__pure_stagewise_score__none,20,buffer
13,train,000590.SZ,启迪药业,-33.1591173054588,0.9936797752808988,10,0.05,robust__pure_stagewise_score__none_top20_buffer,robust__pure_stagewise_score__none,20,buffer
13,train,002076.SZ,星光股份,-20.0,0.9929775280898876,11,0.05,robust__pure_stagewise_score__none_top20_buffer,robust__pure_stagewise_score__none,20,buffer
13,train,300018.SZ,中元股份,33.8738738738739,0.9922752808988764,12,0.05,robust__pure_stagewise_score__none_top20_buffer,robust__pure_stagewise_score__none,20,buffer
13,train,002319.SZ,乐通股份,-5.04065040650408,0.9915730337078652,13,0.05,robust__pure_stagewise_score__none_top20_buffer,robust__pure_stagewise_score__none,20,buffer
13,train,002213.SZ,大为股份,-20.7547169811321,0.990870786516854,14,0.05,robust__pure_stagewise_score__none_top20_buffer,robust__pure_stagewise_score__none,20,buffer
13,train,600732.SH,爱旭股份,15.593220338983,0.9901685393258428,15,0.05,robust__pure_stagewise_score__none_top20_buffer,robust__pure_stagewise_score__none,20,buffer
13,train,300411.SZ,金盾股份,-23.3069481090589,0.9894662921348316,16,0.05,robust__pure_stagewise_score__none_top20_buffer,robust__pure_stagewise_score__none,20,buffer
13,train,300397.SZ,天和防务,-14.8614609571788,0.9887640449438202,17,0.05,robust__pure_stagewise_score__none_top20_buffer,robust__pure_stagewise_score__none,20,buffer
13,train,000586.SZ,汇源通信,15.3773584905661,0.988061797752809,18,0.05,robust__pure_stagewise_score__none_top20_buffer,robust__pure_stagewise_score__none,20,buffer
13,train,300030.SZ,阳普医疗,-12.9890453834116,0.9873595505617978,19,0.05,robust__pure_stagewise_score__none_top20_buffer,robust__pure_stagewise_score__none,20,buffer
13,train,002058.SZ,威尔泰,0.807043286867204,0.9866573033707864,20,0.05,robust__pure_stagewise_score__none_top20_buffer,robust__pure_stagewise_score__none,20,buffer
14,train,000707.SZ,双环科技,-1.33333333333333,1.0,1,0.05,robust__pure_stagewise_score__none_top20_buffer,robust__pure_stagewise_score__none,20,buffer
14,train,000820.SZ,神雾节能,-33.7552742616034,0.9992977528089888,2,0.05,robust__pure_stagewise_score__none_top20_buffer,robust__pure_stagewise_score__none,20,buffer
14,train,000670.SZ,盈方微,3.94736842105263,0.9985955056179776,3,0.05,robust__pure_stagewise_score__none_top20_buffer,robust__pure_stagewise_score__none,20,buffer
14,train,000017.SZ,深中华A,6.71140939597314,0.9978932584269664,4,0.05,robust__pure_stagewise_score__none_top20_buffer,robust__pure_stagewise_score__none,20,buffer
14,train,600234.SH,*ST科新,14.1095890410959,0.9971910112359552,5,0.05,robust__pure_stagewise_score__none_top20_buffer,robust__pure_stagewise_score__none,20,buffer
14,train,300069.SZ,金利华电,-16.6032953105196,0.9964887640449438,6,0.05,robust__pure_stagewise_score__none_top20_buffer,robust__pure_stagewise_score__none,20,buffer
14,train,600860.SH,京城股份,-17.8102189781022,0.9957865168539326,7,0.05,robust__pure_stagewise_score__none_top20_buffer,robust__pure_stagewise_score__none,20,buffer
14,train,000868.SZ,安凯客车,33.5793357933579,0.9950842696629212,8,0.05,robust__pure_stagewise_score__none_top20_buffer,robust__pure_stagewise_score__none,20,buffer
14,train,000972.SZ,中基健康,0.392156862745119,0.99438202247191,9,0.05,robust__pure_stagewise_score__none_top20_buffer,robust__pure_stagewise_score__none,20,buffer
14,train,300111.SZ,向日葵,-8.04597701149427,0.9936797752808988,10,0.05,robust__pure_stagewise_score__none_top20_buffer,robust__pure_stagewise_score__none,20,buffer
14,train,002076.SZ,星光股份,-16.9871794871795,0.9929775280898876,11,0.05,robust__pure_stagewise_score__none_top20_buffer,robust__pure_stagewise_score__none,20,buffer
14,train,002248.SZ,华东数控,-19.1268191268191,0.9922752808988764,12,0.05,robust__pure_stagewise_score__none_top20_buffer,robust__pure_stagewise_score__none,20,buffer
14,train,600698.SH,湖南天雁,4.71014492753625,0.9915730337078652,13,0.05,robust__pure_stagewise_score__none_top20_buffer,robust__pure_stagewise_score__none,20,buffer
14,train,600281.SH,华阳新材,-3.45572354211663,0.990870786516854,14,0.05,robust__pure_stagewise_score__none_top20_buffer,robust__pure_stagewise_score__none,20,buffer
14,train,300345.SZ,华民股份,13.941018766756,0.9901685393258428,15,0.05,robust__pure_stagewise_score__none_top20_buffer,robust__pure_stagewise_score__none,20,buffer
14,train,300163.SZ,ST先锋,-12.4378109452736,0.9894662921348316,16,0.05,robust__pure_stagewise_score__none_top20_buffer,robust__pure_stagewise_score__none,20,buffer
14,train,002098.SZ,浔兴股份,-1.38169257340243,0.9887640449438202,17,0.05,robust__pure_stagewise_score__none_top20_buffer,robust__pure_stagewise_score__none,20,buffer
14,train,002134.SZ,天津普林,23.3201581027668,0.988061797752809,18,0.05,robust__pure_stagewise_score__none_top20_buffer,robust__pure_stagewise_score__none,20,buffer
14,train,002319.SZ,乐通股份,-18.5787671232877,0.9838483146067416,19,0.05,robust__pure_stagewise_score__none_top20_buffer,robust__pure_stagewise_score__none,20,buffer
14,train,002693.SZ,双成药业,2.5974025974026,0.9796348314606742,20,0.05,robust__pure_stagewise_score__none_top20_buffer,robust__pure_stagewise_score__none,20,buffer
15,train,600768.SH,宁波富邦,12.0768526989936,1.0,1,0.05,robust__pure_stagewise_score__none_top20_buffer,robust__pure_stagewise_score__none,20,buffer
15,train,000737.SZ,北方铜业,-0.338983050847463,0.9992977528089888,2,0.05,robust__pure_stagewise_score__none_top20_buffer,robust__pure_stagewise_score__none,20,buffer
15,train,600678.SH,四川金顶,61.0309278350515,0.9985955056179776,3,0.05,robust__pure_stagewise_score__none_top20_buffer,robust__pure_stagewise_score__none,20,buffer
15,train,300371.SZ,汇中股份,7.59392486011192,0.9978932584269664,4,0.05,robust__pure_stagewise_score__none_top20_buffer,robust__pure_stagewise_score__none,20,buffer
15,train,002164.SZ,宁波东力,-6.87960687960689,0.9971910112359552,5,0.05,robust__pure_stagewise_score__none_top20_buffer,robust__pure_stagewise_score__none,20,buffer
15,train,600817.SH,宇通重工,-0.410958904109582,0.9964887640449438,6,0.05,robust__pure_stagewise_score__none_top20_buffer,robust__pure_stagewise_score__none,20,buffer
15,train,300286.SZ,安科瑞,9.57345971563981,0.9957865168539326,7,0.05,robust__pure_stagewise_score__none_top20_buffer,robust__pure_stagewise_score__none,20,buffer
15,train,300354.SZ,东华测试,-8.3147735708983,0.9950842696629212,8,0.05,robust__pure_stagewise_score__none_top20_buffer,robust__pure_stagewise_score__none,20,buffer
15,train,300246.SZ,宝莱特,23.84,0.99438202247191,9,0.05,robust__pure_stagewise_score__none_top20_buffer,robust__pure_stagewise_score__none,20,buffer
15,train,603088.SH,宁波精达,-2.09481808158763,0.9936797752808988,10,0.05,robust__pure_stagewise_score__none_top20_buffer,robust__pure_stagewise_score__none,20,buffer
15,train,002112.SZ,三变科技,-0.725689404934671,0.9929775280898876,11,0.05,robust__pure_stagewise_score__none_top20_buffer,robust__pure_stagewise_score__none,20,buffer
15,train,002360.SZ,同德化工,4.45736434108528,0.9922752808988764,12,0.05,robust__pure_stagewise_score__none_top20_buffer,robust__pure_stagewise_score__none,20,buffer
15,train,600800.SH,渤海化学,-0.180180180180178,0.9915730337078652,13,0.05,robust__pure_stagewise_score__none_top20_buffer,robust__pure_stagewise_score__none,20,buffer
15,train,300179.SZ,四方达,22.4489795918367,0.990870786516854,14,0.05,robust__pure_stagewise_score__none_top20_buffer,robust__pure_stagewise_score__none,20,buffer
15,train,300019.SZ,硅宝科技,30.4123711340206,0.9901685393258428,15,0.05,robust__pure_stagewise_score__none_top20_buffer,robust__pure_stagewise_score__none,20,buffer
15,train,603988.SH,中电电机,-0.719424460431661,0.9894662921348316,16,0.05,robust__pure_stagewise_score__none_top20_buffer,robust__pure_stagewise_score__none,20,buffer
15,train,000952.SZ,广济药业,4.03930131004366,0.9887640449438202,17,0.05,robust__pure_stagewise_score__none_top20_buffer,robust__pure_stagewise_score__none,20,buffer
15,train,300341.SZ,麦克奥迪,179.962894248609,0.988061797752809,18,0.05,robust__pure_stagewise_score__none_top20_buffer,robust__pure_stagewise_score__none,20,buffer
15,train,600615.SH,丰华股份,21.443736730361,0.9873595505617978,19,0.05,robust__pure_stagewise_score__none_top20_buffer,robust__pure_stagewise_score__none,20,buffer
15,train,000622.SZ,*ST恒立,3.02375809935205,0.9866573033707864,20,0.05,robust__pure_stagewise_score__none_top20_buffer,robust__pure_stagewise_score__none,20,buffer
16,train,002175.SZ,东方智造,-2.59067357512954,1.0,1,0.05,robust__pure_stagewise_score__none_top20_buffer,robust__pure_stagewise_score__none,20,buffer
16,train,600768.SH,宁波富邦,-19.7138314785374,0.9992977528089888,2,0.05,robust__pure_stagewise_score__none_top20_buffer,robust__pure_stagewise_score__none,20,buffer
16,train,600678.SH,四川金顶,-8.73239436619717,0.9985955056179776,3,0.05,robust__pure_stagewise_score__none_top20_buffer,robust__pure_stagewise_score__none,20,buffer
16,train,600234.SH,*ST科新,2.78396436525614,0.9978932584269664,4,0.05,robust__pure_stagewise_score__none_top20_buffer,robust__pure_stagewise_score__none,20,buffer
16,train,603988.SH,中电电机,-9.52879581151832,0.9971910112359552,5,0.05,robust__pure_stagewise_score__none_top20_buffer,robust__pure_stagewise_score__none,20,buffer
16,train,300371.SZ,汇中股份,-10.0,0.9964887640449438,6,0.05,robust__pure_stagewise_score__none_top20_buffer,robust__pure_stagewise_score__none,20,buffer
16,train,002420.SZ,毅昌科技,-8.39694656488549,0.9957865168539326,7,0.05,robust__pure_stagewise_score__none_top20_buffer,robust__pure_stagewise_score__none,20,buffer
16,train,300286.SZ,安科瑞,-6.64395229982964,0.9950842696629212,8,0.05,robust__pure_stagewise_score__none_top20_buffer,robust__pure_stagewise_score__none,20,buffer
16,train,600319.SH,亚星化学,13.8228941684665,0.99438202247191,9,0.05,robust__pure_stagewise_score__none_top20_buffer,robust__pure_stagewise_score__none,20,buffer
16,train,600877.SH,电科芯片,20.7547169811321,0.9936797752808988,10,0.05,robust__pure_stagewise_score__none_top20_buffer,robust__pure_stagewise_score__none,20,buffer
16,train,300246.SZ,宝莱特,40.586319218241,0.9929775280898876,11,0.05,robust__pure_stagewise_score__none_top20_buffer,robust__pure_stagewise_score__none,20,buffer
16,train,002107.SZ,沃华医药,30.8913308913309,0.9922752808988764,12,0.05,robust__pure_stagewise_score__none_top20_buffer,robust__pure_stagewise_score__none,20,buffer
16,train,600802.SH,福建水泥,26.2044653349001,0.9915730337078652,13,0.05,robust__pure_stagewise_score__none_top20_buffer,robust__pure_stagewise_score__none,20,buffer
16,train,603088.SH,宁波精达,-0.561167227833903,0.990870786516854,14,0.05,robust__pure_stagewise_score__none_top20_buffer,robust__pure_stagewise_score__none,20,buffer
16,train,300179.SZ,四方达,-4.18760469011725,0.9901685393258428,15,0.05,robust__pure_stagewise_score__none_top20_buffer,robust__pure_stagewise_score__none,20,buffer
16,train,300016.SZ,北陆药业,-3.5754189944134,0.9894662921348316,16,0.05,robust__pure_stagewise_score__none_top20_buffer,robust__pure_stagewise_score__none,20,buffer
16,train,002248.SZ,华东数控,9.80891719745223,0.9887640449438202,17,0.05,robust__pure_stagewise_score__none_top20_buffer,robust__pure_stagewise_score__none,20,buffer
16,train,300354.SZ,东华测试,-10.3811841038118,0.988061797752809,18,0.05,robust__pure_stagewise_score__none_top20_buffer,robust__pure_stagewise_score__none,20,buffer
16,train,300019.SZ,硅宝科技,-7.58196721311475,0.9873595505617978,19,0.05,robust__pure_stagewise_score__none_top20_buffer,robust__pure_stagewise_score__none,20,buffer
16,train,002360.SZ,同德化工,-4.88721804511281,0.9845505617977528,20,0.05,robust__pure_stagewise_score__none_top20_buffer,robust__pure_stagewise_score__none,20,buffer
17,train,600817.SH,宇通重工,-1.7989417989418,1.0,1,0.05,robust__pure_stagewise_score__none_top20_buffer,robust__pure_stagewise_score__none,20,buffer
17,train,300354.SZ,东华测试,6.31020120759735,0.9992977528089888,2,0.05,robust__pure_stagewise_score__none_top20_buffer,robust__pure_stagewise_score__none,20,buffer
17,train,300069.SZ,金利华电,12.9349967170059,0.9985955056179776,3,0.05,robust__pure_stagewise_score__none_top20_buffer,robust__pure_stagewise_score__none,20,buffer
17,train,600615.SH,丰华股份,14.3033292231813,0.9978932584269664,4,0.05,robust__pure_stagewise_score__none_top20_buffer,robust__pure_stagewise_score__none,20,buffer
17,train,002175.SZ,东方智造,-30.2884615384615,0.9971910112359552,5,0.05,robust__pure_stagewise_score__none_top20_buffer,robust__pure_stagewise_score__none,20,buffer
17,train,600768.SH,宁波富邦,-9.27342256214151,0.9964887640449438,6,0.05,robust__pure_stagewise_score__none_top20_buffer,robust__pure_stagewise_score__none,20,buffer
17,train,000695.SZ,滨海能源,-1.16883116883116,0.9957865168539326,7,0.05,robust__pure_stagewise_score__none_top20_buffer,robust__pure_stagewise_score__none,20,buffer
17,train,300345.SZ,华民股份,16.6939443535188,0.9950842696629212,8,0.05,robust__pure_stagewise_score__none_top20_buffer,robust__pure_stagewise_score__none,20,buffer
17,train,600883.SH,博闻科技,16.453664588126,0.99438202247191,9,0.05,robust__pure_stagewise_score__none_top20_buffer,robust__pure_stagewise_score__none,20,buffer
17,train,002729.SZ,好利科技,-16.1280969326417,0.9936797752808988,10,0.05,robust__pure_stagewise_score__none_top20_buffer,robust__pure_stagewise_score__none,20,buffer
17,train,000995.SZ,皇台酒业,0.0,0.9929775280898876,11,0.05,robust__pure_stagewise_score__none_top20_buffer,robust__pure_stagewise_score__none,20,buffer
17,train,600796.SH,钱江生化,-8.71080139372821,0.9922752808988764,12,0.05,robust__pure_stagewise_score__none_top20_buffer,robust__pure_stagewise_score__none,20,buffer
17,train,300163.SZ,ST先锋,32.5779036827196,0.9915730337078652,13,0.05,robust__pure_stagewise_score__none_top20_buffer,robust__pure_stagewise_score__none,20,buffer
17,train,000422.SZ,湖北宜化,0.393700787401574,0.990870786516854,14,0.05,robust__pure_stagewise_score__none_top20_buffer,robust__pure_stagewise_score__none,20,buffer
17,train,002199.SZ,东晶电子,-6.45905420991927,0.9901685393258428,15,0.05,robust__pure_stagewise_score__none_top20_buffer,robust__pure_stagewise_score__none,20,buffer
17,train,600678.SH,四川金顶,-20.1079622132254,0.9894662921348316,16,0.05,robust__pure_stagewise_score__none_top20_buffer,robust__pure_stagewise_score__none,20,buffer
17,train,002553.SZ,南方精工,29.8315514998727,0.9887640449438202,17,0.05,robust__pure_stagewise_score__none_top20_buffer,robust__pure_stagewise_score__none,20,buffer
17,train,002427.SZ,尤夫股份,-15.9416511643376,0.988061797752809,18,0.05,robust__pure_stagewise_score__none_top20_buffer,robust__pure_stagewise_score__none,20,buffer
17,train,603988.SH,中电电机,49.9004261452953,0.9873595505617978,19,0.05,robust__pure_stagewise_score__none_top20_buffer,robust__pure_stagewise_score__none,20,buffer
17,train,603088.SH,宁波精达,19.7401111252578,0.9859550561797752,20,0.05,robust__pure_stagewise_score__none_top20_buffer,robust__pure_stagewise_score__none,20,buffer
18,train,600319.SH,亚星化学,12.9186602870813,1.0,1,0.05,robust__pure_stagewise_score__none_top20_buffer,robust__pure_stagewise_score__none,20,buffer
18,train,000017.SZ,深中华A,4.78260869565217,0.9992977528089888,2,0.05,robust__pure_stagewise_score__none_top20_buffer,robust__pure_stagewise_score__none,20,buffer
18,train,600213.SH,*ST亚星,0.0,0.9985955056179776,3,0.05,robust__pure_stagewise_score__none_top20_buffer,robust__pure_stagewise_score__none,20,buffer
18,train,002319.SZ,乐通股份,42.9319371727749,0.9978932584269664,4,0.05,robust__pure_stagewise_score__none_top20_buffer,robust__pure_stagewise_score__none,20,buffer
18,train,600860.SH,京城股份,2.07253886010361,0.9971910112359552,5,0.05,robust__pure_stagewise_score__none_top20_buffer,robust__pure_stagewise_score__none,20,buffer
18,train,600355.SH,精伦电子,5.96491228070175,0.9964887640449438,6,0.05,robust__pure_stagewise_score__none_top20_buffer,robust__pure_stagewise_score__none,20,buffer
18,train,300278.SZ,华昌达,77.3255813953488,0.9957865168539326,7,0.05,robust__pure_stagewise_score__none_top20_buffer,robust__pure_stagewise_score__none,20,buffer
18,train,000972.SZ,中基健康,-8.27338129496404,0.9950842696629212,8,0.05,robust__pure_stagewise_score__none_top20_buffer,robust__pure_stagewise_score__none,20,buffer
18,train,300111.SZ,向日葵,50.1945525291829,0.99438202247191,9,0.05,robust__pure_stagewise_score__none_top20_buffer,robust__pure_stagewise_score__none,20,buffer
18,train,000595.SZ,宝塔实业,54.320987654321,0.9936797752808988,10,0.05,robust__pure_stagewise_score__none_top20_buffer,robust__pure_stagewise_score__none,20,buffer
18,train,600520.SH,文一科技,2.15189873417723,0.9929775280898876,11,0.05,robust__pure_stagewise_score__none_top20_buffer,robust__pure_stagewise_score__none,20,buffer
18,train,000868.SZ,安凯客车,-17.1794871794872,0.9922752808988764,12,0.05,robust__pure_stagewise_score__none_top20_buffer,robust__pure_stagewise_score__none,20,buffer
18,train,600423.SH,柳化股份,6.54545454545454,0.9915730337078652,13,0.05,robust__pure_stagewise_score__none_top20_buffer,robust__pure_stagewise_score__none,20,buffer
18,train,002652.SZ,扬子新材,0.260416666666674,0.990870786516854,14,0.05,robust__pure_stagewise_score__none_top20_buffer,robust__pure_stagewise_score__none,20,buffer
18,train,002370.SZ,亚太药业,9.43396226415094,0.9901685393258428,15,0.05,robust__pure_stagewise_score__none_top20_buffer,robust__pure_stagewise_score__none,20,buffer
18,train,600817.SH,宇通重工,20.7264957264957,0.9894662921348316,16,0.05,robust__pure_stagewise_score__none_top20_buffer,robust__pure_stagewise_score__none,20,buffer
18,train,600238.SH,海南椰岛,-23.7373737373737,0.9887640449438202,17,0.05,robust__pure_stagewise_score__none_top20_buffer,robust__pure_stagewise_score__none,20,buffer
18,train,002058.SZ,威尔泰,-8.58725761772853,0.988061797752809,18,0.05,robust__pure_stagewise_score__none_top20_buffer,robust__pure_stagewise_score__none,20,buffer
18,train,600768.SH,宁波富邦,1.47835269271384,0.9873595505617978,19,0.05,robust__pure_stagewise_score__none_top20_buffer,robust__pure_stagewise_score__none,20,buffer
18,train,300046.SZ,台基股份,8.79396984924623,0.9866573033707864,20,0.05,robust__pure_stagewise_score__none_top20_buffer,robust__pure_stagewise_score__none,20,buffer
19,train,600127.SH,金健米业,-0.53050397877985,1.0,1,0.05,robust__pure_stagewise_score__none_top20_buffer,robust__pure_stagewise_score__none,20,buffer
19,train,300318.SZ,博晖创新,-18.75,0.9992977528089888,2,0.05,robust__pure_stagewise_score__none_top20_buffer,robust__pure_stagewise_score__none,20,buffer
19,train,000410.SZ,沈阳机床,-16.3265306122449,0.9985955056179776,3,0.05,robust__pure_stagewise_score__none_top20_buffer,robust__pure_stagewise_score__none,20,buffer
19,train,002466.SZ,天齐锂业,92.972972972973,0.9978932584269664,4,0.05,robust__pure_stagewise_score__none_top20_buffer,robust__pure_stagewise_score__none,20,buffer
19,train,300391.SZ,长药控股,-37.873417721519,0.9971910112359552,5,0.05,robust__pure_stagewise_score__none_top20_buffer,robust__pure_stagewise_score__none,20,buffer
19,train,600391.SH,航发科技,12.832824094282,0.9964887640449438,6,0.05,robust__pure_stagewise_score__none_top20_buffer,robust__pure_stagewise_score__none,20,buffer
19,train,300238.SZ,冠昊生物,1.6579053780833,0.9957865168539326,7,0.05,robust__pure_stagewise_score__none_top20_buffer,robust__pure_stagewise_score__none,20,buffer
19,train,600416.SH,湘电股份,21.9058686809994,0.9950842696629212,8,0.05,robust__pure_stagewise_score__none_top20_buffer,robust__pure_stagewise_score__none,20,buffer
19,train,300223.SZ,北京君正,16.7708998085514,0.99438202247191,9,0.05,robust__pure_stagewise_score__none_top20_buffer,robust__pure_stagewise_score__none,20,buffer
19,train,002151.SZ,北斗星通,-0.953307392996117,0.9936797752808988,10,0.05,robust__pure_stagewise_score__none_top20_buffer,robust__pure_stagewise_score__none,20,buffer
19,train,300111.SZ,向日葵,-16.6666666666667,0.9929775280898876,11,0.05,robust__pure_stagewise_score__none_top20_buffer,robust__pure_stagewise_score__none,20,buffer
19,train,600572.SH,康恩贝,-10.2857142857143,0.9922752808988764,12,0.05,robust__pure_stagewise_score__none_top20_buffer,robust__pure_stagewise_score__none,20,buffer
19,train,600601.SH,方正科技,-6.14657210401893,0.9915730337078652,13,0.05,robust__pure_stagewise_score__none_top20_buffer,robust__pure_stagewise_score__none,20,buffer
19,train,300278.SZ,华昌达,-24.6353322528363,0.9901685393258428,14,0.05,robust__pure_stagewise_score__none_top20_buffer,robust__pure_stagewise_score__none,20,buffer
19,train,300046.SZ,台基股份,15.9722222222222,0.9894662921348316,15,0.05,robust__pure_stagewise_score__none_top20_buffer,robust__pure_stagewise_score__none,20,buffer
19,train,002319.SZ,乐通股份,-16.2393162393162,0.9866573033707864,16,0.05,robust__pure_stagewise_score__none_top20_buffer,robust__pure_stagewise_score__none,20,buffer
19,train,600213.SH,*ST亚星,30.2158273381295,0.985252808988764,17,0.05,robust__pure_stagewise_score__none_top20_buffer,robust__pure_stagewise_score__none,20,buffer
19,train,600319.SH,亚星化学,11.3733905579399,0.9845505617977528,18,0.05,robust__pure_stagewise_score__none_top20_buffer,robust__pure_stagewise_score__none,20,buffer
19,train,002370.SZ,亚太药业,-26.3261296660118,0.9838483146067416,19,0.05,robust__pure_stagewise_score__none_top20_buffer,robust__pure_stagewise_score__none,20,buffer
19,train,600423.SH,柳化股份,-16.4429530201342,0.9803370786516854,20,0.05,robust__pure_stagewise_score__none_top20_buffer,robust__pure_stagewise_score__none,20,buffer
20,train,600080.SH,金花股份,7.54039497307002,1.0,1,0.05,robust__pure_stagewise_score__none_top20_buffer,robust__pure_stagewise_score__none,20,buffer
20,train,002370.SZ,亚太药业,12.2282608695652,0.9992977528089888,2,0.05,robust__pure_stagewise_score__none_top20_buffer,robust__pure_stagewise_score__none,20,buffer
20,train,300165.SZ,天瑞仪器,-7.50507099391482,0.9985955056179776,3,0.05,robust__pure_stagewise_score__none_top20_buffer,robust__pure_stagewise_score__none,20,buffer
20,train,002058.SZ,威尔泰,-20.5629397967162,0.9978932584269664,4,0.05,robust__pure_stagewise_score__none_top20_buffer,robust__pure_stagewise_score__none,20,buffer
20,train,600854.SH,春兰股份,-8.22281167108753,0.9971910112359552,5,0.05,robust__pure_stagewise_score__none_top20_buffer,robust__pure_stagewise_score__none,20,buffer
20,train,603518.SH,锦泓集团,15.0980392156863,0.9964887640449438,6,0.05,robust__pure_stagewise_score__none_top20_buffer,robust__pure_stagewise_score__none,20,buffer
20,train,300254.SZ,仟源医药,-14.050822122571,0.9957865168539326,7,0.05,robust__pure_stagewise_score__none_top20_buffer,robust__pure_stagewise_score__none,20,buffer
20,train,603011.SH,合锻智能,-7.52895752895753,0.9950842696629212,8,0.05,robust__pure_stagewise_score__none_top20_buffer,robust__pure_stagewise_score__none,20,buffer
20,train,300161.SZ,华中数控,26.9748390871855,0.99438202247191,9,0.05,robust__pure_stagewise_score__none_top20_buffer,robust__pure_stagewise_score__none,20,buffer
20,train,300345.SZ,华民股份,7.96915167095116,0.9936797752808988,10,0.05,robust__pure_stagewise_score__none_top20_buffer,robust__pure_stagewise_score__none,20,buffer
20,train,002393.SZ,力生制药,-11.3681102362205,0.9929775280898876,11,0.05,robust__pure_stagewise_score__none_top20_buffer,robust__pure_stagewise_score__none,20,buffer
20,train,002193.SZ,如意集团,-13.4218289085546,0.9922752808988764,12,0.05,robust__pure_stagewise_score__none_top20_buffer,robust__pure_stagewise_score__none,20,buffer
20,train,002693.SZ,双成药业,-6.06060606060607,0.9915730337078652,13,0.05,robust__pure_stagewise_score__none_top20_buffer,robust__pure_stagewise_score__none,20,buffer
20,train,300018.SZ,中元股份,-13.5303265940902,0.990870786516854,14,0.05,robust__pure_stagewise_score__none_top20_buffer,robust__pure_stagewise_score__none,20,buffer
20,train,002209.SZ,达意隆,-2.72314674735251,0.9901685393258428,15,0.05,robust__pure_stagewise_score__none_top20_buffer,robust__pure_stagewise_score__none,20,buffer
20,train,002308.SZ,*ST威创,-7.97546012269938,0.9894662921348316,16,0.05,robust__pure_stagewise_score__none_top20_buffer,robust__pure_stagewise_score__none,20,buffer
20,train,600439.SH,瑞贝卡,1.19047619047619,0.9887640449438202,17,0.05,robust__pure_stagewise_score__none_top20_buffer,robust__pure_stagewise_score__none,20,buffer
20,train,300306.SZ,远方信息,-21.1174242424242,0.988061797752809,18,0.05,robust__pure_stagewise_score__none_top20_buffer,robust__pure_stagewise_score__none,20,buffer
20,train,002144.SZ,宏达高科,-28.5714285714286,0.9873595505617978,19,0.05,robust__pure_stagewise_score__none_top20_buffer,robust__pure_stagewise_score__none,20,buffer
20,train,002319.SZ,乐通股份,42.4198250728863,0.9796348314606742,20,0.05,robust__pure_stagewise_score__none_top20_buffer,robust__pure_stagewise_score__none,20,buffer
21,train,600132.SH,重庆啤酒,77.7408637873754,1.0,1,0.05,robust__pure_stagewise_score__none_top20_buffer,robust__pure_stagewise_score__none,20,buffer
21,train,600809.SH,山西汾酒,30.8449429013698,0.9992977528089888,2,0.05,robust__pure_stagewise_score__none_top20_buffer,robust__pure_stagewise_score__none,20,buffer
21,train,002030.SZ,达安基因,18.7232631626825,0.9985955056179776,3,0.05,robust__pure_stagewise_score__none_top20_buffer,robust__pure_stagewise_score__none,20,buffer
21,train,600276.SH,恒瑞医药,-9.69140865540787,0.9978932584269664,4,0.05,robust__pure_stagewise_score__none_top20_buffer,robust__pure_stagewise_score__none,20,buffer
21,train,600779.SH,水井坊,73.6769759450172,0.9971910112359552,5,0.05,robust__pure_stagewise_score__none_top20_buffer,robust__pure_stagewise_score__none,20,buffer
21,train,002372.SZ,伟星新材,-15.2751658833259,0.9964887640449438,6,0.05,robust__pure_stagewise_score__none_top20_buffer,robust__pure_stagewise_score__none,20,buffer
21,train,300122.SZ,智飞生物,6.00022706630334,0.9957865168539326,7,0.05,robust__pure_stagewise_score__none_top20_buffer,robust__pure_stagewise_score__none,20,buffer
21,train,600887.SH,伊利股份,-6.89950031887118,0.9950842696629212,8,0.05,robust__pure_stagewise_score__none_top20_buffer,robust__pure_stagewise_score__none,20,buffer
21,train,601100.SH,恒立液压,-5.00443299196558,0.99438202247191,9,0.05,robust__pure_stagewise_score__none_top20_buffer,robust__pure_stagewise_score__none,20,buffer
21,train,002415.SZ,海康威视,21.9642029122242,0.9936797752808988,10,0.05,robust__pure_stagewise_score__none_top20_buffer,robust__pure_stagewise_score__none,20,buffer
21,train,002511.SZ,中顺洁柔,7.90916766213443,0.9929775280898876,11,0.05,robust__pure_stagewise_score__none_top20_buffer,robust__pure_stagewise_score__none,20,buffer
21,train,300146.SZ,汤臣倍健,23.1091161098503,0.9922752808988764,12,0.05,robust__pure_stagewise_score__none_top20_buffer,robust__pure_stagewise_score__none,20,buffer
21,train,603288.SH,海天味业,10.9033513186847,0.9915730337078652,13,0.05,robust__pure_stagewise_score__none_top20_buffer,robust__pure_stagewise_score__none,20,buffer
21,train,000799.SZ,酒鬼酒,61.5982803312891,0.990870786516854,14,0.05,robust__pure_stagewise_score__none_top20_buffer,robust__pure_stagewise_score__none,20,buffer
21,train,002653.SZ,海思科,-12.3949800991599,0.9901685393258428,15,0.05,robust__pure_stagewise_score__none_top20_buffer,robust__pure_stagewise_score__none,20,buffer
21,train,000661.SZ,长春高新,-12.1883169365361,0.9894662921348316,16,0.05,robust__pure_stagewise_score__none_top20_buffer,robust__pure_stagewise_score__none,20,buffer
21,train,000596.SZ,古井贡酒,10.5834948741017,0.9887640449438202,17,0.05,robust__pure_stagewise_score__none_top20_buffer,robust__pure_stagewise_score__none,20,buffer
21,train,002677.SZ,浙江美大,2.19436037736696,0.988061797752809,18,0.05,robust__pure_stagewise_score__none_top20_buffer,robust__pure_stagewise_score__none,20,buffer
21,train,002706.SZ,良信股份,1.89345820961107,0.9873595505617978,19,0.05,robust__pure_stagewise_score__none_top20_buffer,robust__pure_stagewise_score__none,20,buffer
21,train,002507.SZ,涪陵榨菜,-10.4825291181365,0.9866573033707864,20,0.05,robust__pure_stagewise_score__none_top20_buffer,robust__pure_stagewise_score__none,20,buffer
22,valid,002098.SZ,浔兴股份,8.13148788927334,1.0,1,0.05,robust__pure_stagewise_score__none_top20_buffer,robust__pure_stagewise_score__none,20,buffer
22,valid,600479.SH,千金药业,0.0,0.9992977528089888,2,0.05,robust__pure_stagewise_score__none_top20_buffer,robust__pure_stagewise_score__none,20,buffer
22,valid,002687.SZ,乔治白,23.3511586452763,0.9985955056179776,3,0.05,robust__pure_stagewise_score__none_top20_buffer,robust__pure_stagewise_score__none,20,buffer
22,valid,600361.SH,创新新材,49.9999938526386,0.9975421348314608,4,0.05,robust__pure_stagewise_score__none_top20_buffer,robust__pure_stagewise_score__none,20,buffer
22,valid,600961.SH,株冶集团,56.1258278145695,0.9975421348314608,5,0.05,robust__pure_stagewise_score__none_top20_buffer,robust__pure_stagewise_score__none,20,buffer
22,valid,000789.SZ,万年青,15.9965034965035,0.9964887640449438,6,0.05,robust__pure_stagewise_score__none_top20_buffer,robust__pure_stagewise_score__none,20,buffer
22,valid,000529.SZ,广弘控股,2.77758091837155,0.9957865168539326,7,0.05,robust__pure_stagewise_score__none_top20_buffer,robust__pure_stagewise_score__none,20,buffer
22,valid,600075.SH,新疆天业,39.1061452513966,0.9950842696629212,8,0.05,robust__pure_stagewise_score__none_top20_buffer,robust__pure_stagewise_score__none,20,buffer
22,valid,002487.SZ,大金重工,219.25630810093,0.99438202247191,9,0.05,robust__pure_stagewise_score__none_top20_buffer,robust__pure_stagewise_score__none,20,buffer
22,valid,600408.SH,安泰集团,8.94736842105262,0.9936797752808988,10,0.05,robust__pure_stagewise_score__none_top20_buffer,robust__pure_stagewise_score__none,20,buffer
22,valid,002543.SZ,万和电气,10.8254397834912,0.9929775280898876,11,0.05,robust__pure_stagewise_score__none_top20_buffer,robust__pure_stagewise_score__none,20,buffer
22,valid,600802.SH,福建水泥,11.5669837705909,0.9922752808988764,12,0.05,robust__pure_stagewise_score__none_top20_buffer,robust__pure_stagewise_score__none,20,buffer
22,valid,000589.SZ,贵州轮胎,-1.24777183600714,0.9915730337078652,13,0.05,robust__pure_stagewise_score__none_top20_buffer,robust__pure_stagewise_score__none,20,buffer
22,valid,002270.SZ,华明装备,63.9065817409767,0.990870786516854,14,0.05,robust__pure_stagewise_score__none_top20_buffer,robust__pure_stagewise_score__none,20,buffer
22,valid,002469.SZ,三维化学,9.87202925045705,0.9901685393258428,15,0.05,robust__pure_stagewise_score__none_top20_buffer,robust__pure_stagewise_score__none,20,buffer
22,valid,002457.SZ,青龙管业,-16.6485310119695,0.9894662921348316,16,0.05,robust__pure_stagewise_score__none_top20_buffer,robust__pure_stagewise_score__none,20,buffer
22,valid,600470.SH,六国化工,69.0082644628099,0.9887640449438202,17,0.05,robust__pure_stagewise_score__none_top20_buffer,robust__pure_stagewise_score__none,20,buffer
22,valid,603111.SH,康尼机电,7.5356415478615,0.988061797752809,18,0.05,robust__pure_stagewise_score__none_top20_buffer,robust__pure_stagewise_score__none,20,buffer
22,valid,000756.SZ,新华制药,-7.32198507134344,0.9873595505617978,19,0.05,robust__pure_stagewise_score__none_top20_buffer,robust__pure_stagewise_score__none,20,buffer
22,valid,002452.SZ,长高电新,29.6500920810313,0.9866573033707864,20,0.05,robust__pure_stagewise_score__none_top20_buffer,robust__pure_stagewise_score__none,20,buffer
23,valid,000670.SZ,盈方微,0.0,1.0,1,0.05,robust__pure_stagewise_score__none_top20_buffer,robust__pure_stagewise_score__none,20,buffer
23,valid,600361.SH,创新新材,7.27611940298507,0.9992977528089888,2,0.05,robust__pure_stagewise_score__none_top20_buffer,robust__pure_stagewise_score__none,20,buffer
23,valid,600961.SH,株冶集团,1.63934426229508,0.9985955056179776,3,0.05,robust__pure_stagewise_score__none_top20_buffer,robust__pure_stagewise_score__none,20,buffer
23,valid,600408.SH,安泰集团,-7.5187969924812,0.9978932584269664,4,0.05,robust__pure_stagewise_score__none_top20_buffer,robust__pure_stagewise_score__none,20,buffer
23,valid,600860.SH,京城股份,224.013157894737,0.9971910112359552,5,0.05,robust__pure_stagewise_score__none_top20_buffer,robust__pure_stagewise_score__none,20,buffer
23,valid,000820.SZ,神雾节能,-2.58620689655171,0.9964887640449438,6,0.05,robust__pure_stagewise_score__none_top20_buffer,robust__pure_stagewise_score__none,20,buffer
23,valid,600421.SH,华嵘控股,20.503144654088,0.9957865168539326,7,0.05,robust__pure_stagewise_score__none_top20_buffer,robust__pure_stagewise_score__none,20,buffer
23,valid,002443.SZ,金洲管道,37.3263888888889,0.9950842696629212,8,0.05,robust__pure_stagewise_score__none_top20_buffer,robust__pure_stagewise_score__none,20,buffer
23,valid,002290.SZ,禾盛新材,-6.98529411764707,0.99438202247191,9,0.05,robust__pure_stagewise_score__none_top20_buffer,robust__pure_stagewise_score__none,20,buffer
23,valid,600818.SH,中路股份,4.45246690734054,0.9936797752808988,10,0.05,robust__pure_stagewise_score__none_top20_buffer,robust__pure_stagewise_score__none,20,buffer
23,valid,002490.SZ,ST墨龙,22.7956989247312,0.9929775280898876,11,0.05,robust__pure_stagewise_score__none_top20_buffer,robust__pure_stagewise_score__none,20,buffer
23,valid,000529.SZ,广弘控股,14.963503649635,0.9922752808988764,12,0.05,robust__pure_stagewise_score__none_top20_buffer,robust__pure_stagewise_score__none,20,buffer
23,valid,600493.SH,凤竹纺织,23.7322515212982,0.9915730337078652,13,0.05,robust__pure_stagewise_score__none_top20_buffer,robust__pure_stagewise_score__none,20,buffer
23,valid,002105.SZ,信隆健康,22.2766217870257,0.990870786516854,14,0.05,robust__pure_stagewise_score__none_top20_buffer,robust__pure_stagewise_score__none,20,buffer
23,valid,002501.SZ,利源股份,-8.21917808219178,0.9901685393258428,15,0.05,robust__pure_stagewise_score__none_top20_buffer,robust__pure_stagewise_score__none,20,buffer
23,valid,002420.SZ,毅昌科技,29.6686746987952,0.9894662921348316,16,0.05,robust__pure_stagewise_score__none_top20_buffer,robust__pure_stagewise_score__none,20,buffer
23,valid,000589.SZ,贵州轮胎,12.4314442413163,0.985252808988764,17,0.05,robust__pure_stagewise_score__none_top20_buffer,robust__pure_stagewise_score__none,20,buffer
23,valid,002098.SZ,浔兴股份,10.0323624595469,0.9831460674157304,18,0.05,robust__pure_stagewise_score__none_top20_buffer,robust__pure_stagewise_score__none,20,buffer
23,valid,600802.SH,福建水泥,-1.06666666666667,0.9824438202247192,19,0.05,robust__pure_stagewise_score__none_top20_buffer,robust__pure_stagewise_score__none,20,buffer
23,valid,600470.SH,六国化工,-8.27943078913326,0.9796348314606742,20,0.05,robust__pure_stagewise_score__none_top20_buffer,robust__pure_stagewise_score__none,20,buffer
24,valid,600213.SH,*ST亚星,-11.4421930870083,1.0,1,0.05,robust__pure_stagewise_score__none_top20_buffer,robust__pure_stagewise_score__none,20,buffer
24,valid,002175.SZ,东方智造,23.9837398373984,0.9992977528089888,2,0.05,robust__pure_stagewise_score__none_top20_buffer,robust__pure_stagewise_score__none,20,buffer
24,valid,002076.SZ,星光股份,-21.0810810810811,0.9985955056179776,3,0.05,robust__pure_stagewise_score__none_top20_buffer,robust__pure_stagewise_score__none,20,buffer
24,valid,002150.SZ,通润装备,2.34741784037558,0.9978932584269664,4,0.05,robust__pure_stagewise_score__none_top20_buffer,robust__pure_stagewise_score__none,20,buffer
24,valid,002144.SZ,宏达高科,4.55445544554456,0.9971910112359552,5,0.05,robust__pure_stagewise_score__none_top20_buffer,robust__pure_stagewise_score__none,20,buffer
24,valid,000619.SZ,海螺新材,15.0190114068441,0.9964887640449438,6,0.05,robust__pure_stagewise_score__none_top20_buffer,robust__pure_stagewise_score__none,20,buffer
24,valid,002427.SZ,尤夫股份,42.2794117647059,0.9957865168539326,7,0.05,robust__pure_stagewise_score__none_top20_buffer,robust__pure_stagewise_score__none,20,buffer
24,valid,002295.SZ,精艺股份,-0.998573466476449,0.9950842696629212,8,0.05,robust__pure_stagewise_score__none_top20_buffer,robust__pure_stagewise_score__none,20,buffer
24,valid,600493.SH,凤竹纺织,2.14876033057851,0.99438202247191,9,0.05,robust__pure_stagewise_score__none_top20_buffer,robust__pure_stagewise_score__none,20,buffer
24,valid,002687.SZ,乔治白,-10.0719424460432,0.9936797752808988,10,0.05,robust__pure_stagewise_score__none_top20_buffer,robust__pure_stagewise_score__none,20,buffer
24,valid,002574.SZ,明牌珠宝,4.08163265306123,0.9929775280898876,11,0.05,robust__pure_stagewise_score__none_top20_buffer,robust__pure_stagewise_score__none,20,buffer
24,valid,603889.SH,新澳股份,-1.80623973727422,0.9922752808988764,12,0.05,robust__pure_stagewise_score__none_top20_buffer,robust__pure_stagewise_score__none,20,buffer
24,valid,600356.SH,恒丰纸业,-5.80808080808082,0.9915730337078652,13,0.05,robust__pure_stagewise_score__none_top20_buffer,robust__pure_stagewise_score__none,20,buffer
24,valid,002494.SZ,华斯股份,-0.215517241379304,0.990870786516854,14,0.05,robust__pure_stagewise_score__none_top20_buffer,robust__pure_stagewise_score__none,20,buffer
24,valid,002193.SZ,如意集团,2.55183413078151,0.9901685393258428,15,0.05,robust__pure_stagewise_score__none_top20_buffer,robust__pure_stagewise_score__none,20,buffer
24,valid,600191.SH,华资实业,28.3746556473829,0.9894662921348316,16,0.05,robust__pure_stagewise_score__none_top20_buffer,robust__pure_stagewise_score__none,20,buffer
24,valid,002394.SZ,联发股份,-3.52369380315919,0.9887640449438202,17,0.05,robust__pure_stagewise_score__none_top20_buffer,robust__pure_stagewise_score__none,20,buffer
24,valid,002457.SZ,青龙管业,26.2967430639325,0.988061797752809,18,0.05,robust__pure_stagewise_score__none_top20_buffer,robust__pure_stagewise_score__none,20,buffer
24,valid,002098.SZ,浔兴股份,4.22740524781342,0.9831460674157304,19,0.05,robust__pure_stagewise_score__none_top20_buffer,robust__pure_stagewise_score__none,20,buffer
24,valid,600802.SH,福建水泥,8.42391304347827,0.981741573033708,20,0.05,robust__pure_stagewise_score__none_top20_buffer,robust__pure_stagewise_score__none,20,buffer
25,valid,000792.SZ,盐湖股份,-6.52106084243368,0.9996488764044944,1,0.05,robust__pure_stagewise_score__none_top20_buffer,robust__pure_stagewise_score__none,20,buffer
25,valid,300122.SZ,智飞生物,-19.5579710144927,0.9996488764044944,2,0.05,robust__pure_stagewise_score__none_top20_buffer,robust__pure_stagewise_score__none,20,buffer
25,valid,600809.SH,山西汾酒,34.4807179344146,0.9985955056179776,3,0.05,robust__pure_stagewise_score__none_top20_buffer,robust__pure_stagewise_score__none,20,buffer
25,valid,600111.SH,北方稀土,-7.03537428235302,0.9978932584269664,4,0.05,robust__pure_stagewise_score__none_top20_buffer,robust__pure_stagewise_score__none,20,buffer
25,valid,002709.SZ,天赐材料,30.1191631838209,0.9971910112359552,5,0.05,robust__pure_stagewise_score__none_top20_buffer,robust__pure_stagewise_score__none,20,buffer
25,valid,002460.SZ,赣锋锂业,19.6106821106821,0.9964887640449438,6,0.05,robust__pure_stagewise_score__none_top20_buffer,robust__pure_stagewise_score__none,20,buffer
25,valid,002466.SZ,天齐锂业,51.62191714251,0.9957865168539326,7,0.05,robust__pure_stagewise_score__none_top20_buffer,robust__pure_stagewise_score__none,20,buffer
25,valid,600438.SH,通威股份,40.1486295305927,0.9950842696629212,8,0.05,robust__pure_stagewise_score__none_top20_buffer,robust__pure_stagewise_score__none,20,buffer
25,valid,000568.SZ,泸州老窖,37.9090451418023,0.99438202247191,9,0.05,robust__pure_stagewise_score__none_top20_buffer,robust__pure_stagewise_score__none,20,buffer
25,valid,600132.SH,重庆啤酒,48.1519625422022,0.9936797752808988,10,0.05,robust__pure_stagewise_score__none_top20_buffer,robust__pure_stagewise_score__none,20,buffer
25,valid,600519.SH,贵州茅台,23.9991368946232,0.9929775280898876,11,0.05,robust__pure_stagewise_score__none_top20_buffer,robust__pure_stagewise_score__none,20,buffer
25,valid,600096.SH,云天化,16.1623616236162,0.9922752808988764,12,0.05,robust__pure_stagewise_score__none_top20_buffer,robust__pure_stagewise_score__none,20,buffer
25,valid,002049.SZ,紫光国微,-7.9743888242142,0.9915730337078652,13,0.05,robust__pure_stagewise_score__none_top20_buffer,robust__pure_stagewise_score__none,20,buffer
25,valid,603288.SH,海天味业,18.6866689503085,0.990870786516854,14,0.05,robust__pure_stagewise_score__none_top20_buffer,robust__pure_stagewise_score__none,20,buffer
25,valid,300390.SZ,天华新能,18.2199377789801,0.9901685393258428,15,0.05,robust__pure_stagewise_score__none_top20_buffer,robust__pure_stagewise_score__none,20,buffer
25,valid,600779.SH,水井坊,14.8138957816377,0.9894662921348316,16,0.05,robust__pure_stagewise_score__none_top20_buffer,robust__pure_stagewise_score__none,20,buffer
25,valid,002415.SZ,海康威视,-6.91510572503767,0.9887640449438202,17,0.05,robust__pure_stagewise_score__none_top20_buffer,robust__pure_stagewise_score__none,20,buffer
25,valid,600436.SH,片仔癀,15.4839753965685,0.988061797752809,18,0.05,robust__pure_stagewise_score__none_top20_buffer,robust__pure_stagewise_score__none,20,buffer
25,valid,000858.SZ,五粮液,37.4389343825704,0.9873595505617978,19,0.05,robust__pure_stagewise_score__none_top20_buffer,robust__pure_stagewise_score__none,20,buffer
25,valid,000661.SZ,长春高新,43.4653635077688,0.9866573033707864,20,0.05,robust__pure_stagewise_score__none_top20_buffer,robust__pure_stagewise_score__none,20,buffer
26,test,600585.SH,海螺水泥,-16.8782458165032,1.0,1,0.05,robust__pure_stagewise_score__none_top20_buffer,robust__pure_stagewise_score__none,20,buffer
26,test,000877.SZ,天山股份,-27.3098937040065,0.9992977528089888,2,0.05,robust__pure_stagewise_score__none_top20_buffer,robust__pure_stagewise_score__none,20,buffer
26,test,000932.SZ,华菱钢铁,-19.8428290766208,0.9985955056179776,3,0.05,robust__pure_stagewise_score__none_top20_buffer,robust__pure_stagewise_score__none,20,buffer
26,test,600177.SH,雅戈尔,-4.9624060150376,0.9978932584269664,4,0.05,robust__pure_stagewise_score__none_top20_buffer,robust__pure_stagewise_score__none,20,buffer
26,test,000725.SZ,京东方A,-16.5816326530612,0.9971910112359552,5,0.05,robust__pure_stagewise_score__none_top20_buffer,robust__pure_stagewise_score__none,20,buffer
26,test,601233.SH,桐昆股份,-12.7812342729924,0.9964887640449438,6,0.05,robust__pure_stagewise_score__none_top20_buffer,robust__pure_stagewise_score__none,20,buffer
26,test,600019.SH,宝钢股份,-12.0401439194274,0.9957865168539326,7,0.05,robust__pure_stagewise_score__none_top20_buffer,robust__pure_stagewise_score__none,20,buffer
26,test,000959.SZ,首钢股份,-24.1573185942776,0.9950842696629212,8,0.05,robust__pure_stagewise_score__none_top20_buffer,robust__pure_stagewise_score__none,20,buffer
26,test,600741.SH,华域汽车,-27.1522000351467,0.99438202247191,9,0.05,robust__pure_stagewise_score__none_top20_buffer,robust__pure_stagewise_score__none,20,buffer
26,test,000425.SZ,徐工机械,-12.6965364095577,0.9936797752808988,10,0.05,robust__pure_stagewise_score__none_top20_buffer,robust__pure_stagewise_score__none,20,buffer
26,test,002532.SZ,天山铝业,8.81458966565352,0.9929775280898876,11,0.05,robust__pure_stagewise_score__none_top20_buffer,robust__pure_stagewise_score__none,20,buffer
26,test,600104.SH,上汽集团,-16.9388204144045,0.9922752808988764,12,0.05,robust__pure_stagewise_score__none_top20_buffer,robust__pure_stagewise_score__none,20,buffer
26,test,600282.SH,南钢股份,-13.3333333333333,0.9915730337078652,13,0.05,robust__pure_stagewise_score__none_top20_buffer,robust__pure_stagewise_score__none,20,buffer
26,test,600362.SH,江西铜业,-12.0913897537127,0.990870786516854,14,0.05,robust__pure_stagewise_score__none_top20_buffer,robust__pure_stagewise_score__none,20,buffer
26,test,002432.SZ,九安医疗,-26.7318388673521,0.9901685393258428,15,0.05,robust__pure_stagewise_score__none_top20_buffer,robust__pure_stagewise_score__none,20,buffer
26,test,000825.SZ,太钢不锈,-17.8308823529412,0.9894662921348316,16,0.05,robust__pure_stagewise_score__none_top20_buffer,robust__pure_stagewise_score__none,20,buffer
26,test,000830.SZ,鲁西化工,-14.9224563463559,0.9887640449438202,17,0.05,robust__pure_stagewise_score__none_top20_buffer,robust__pure_stagewise_score__none,20,buffer
26,test,600219.SH,南山铝业,-18.8679245283019,0.988061797752809,18,0.05,robust__pure_stagewise_score__none_top20_buffer,robust__pure_stagewise_score__none,20,buffer
26,test,601766.SH,中国中车,-6.35450398190529,0.9873595505617978,19,0.05,robust__pure_stagewise_score__none_top20_buffer,robust__pure_stagewise_score__none,20,buffer
26,test,600782.SH,新钢股份,-24.8046875,0.9866573033707864,20,0.05,robust__pure_stagewise_score__none_top20_buffer,robust__pure_stagewise_score__none,20,buffer
27,test,000932.SZ,华菱钢铁,16.0493827160494,1.0,1,0.05,robust__pure_stagewise_score__none_top20_buffer,robust__pure_stagewise_score__none,20,buffer
27,test,002432.SZ,九安医疗,16.1854967037963,0.9992977528089888,2,0.05,robust__pure_stagewise_score__none_top20_buffer,robust__pure_stagewise_score__none,20,buffer
27,test,600177.SH,雅戈尔,0.476190476190474,0.9985955056179776,3,0.05,robust__pure_stagewise_score__none_top20_buffer,robust__pure_stagewise_score__none,20,buffer
27,test,600585.SH,海螺水泥,-2.59694059053718,0.9978932584269664,4,0.05,robust__pure_stagewise_score__none_top20_buffer,robust__pure_stagewise_score__none,20,buffer
27,test,000425.SZ,徐工机械,13.4228187919463,0.9971910112359552,5,0.05,robust__pure_stagewise_score__none_top20_buffer,robust__pure_stagewise_score__none,20,buffer
27,test,600741.SH,华域汽车,3.77245508982036,0.9964887640449438,6,0.05,robust__pure_stagewise_score__none_top20_buffer,robust__pure_stagewise_score__none,20,buffer
27,test,000401.SZ,冀东水泥,-0.603864734299497,0.9957865168539326,7,0.05,robust__pure_stagewise_score__none_top20_buffer,robust__pure_stagewise_score__none,20,buffer
27,test,600362.SH,江西铜业,15.2777777777778,0.9950842696629212,8,0.05,robust__pure_stagewise_score__none_top20_buffer,robust__pure_stagewise_score__none,20,buffer
27,test,000960.SZ,锡业股份,13.8933764135703,0.99438202247191,9,0.05,robust__pure_stagewise_score__none_top20_buffer,robust__pure_stagewise_score__none,20,buffer
27,test,601233.SH,桐昆股份,7.11638250555968,0.9936797752808988,10,0.05,robust__pure_stagewise_score__none_top20_buffer,robust__pure_stagewise_score__none,20,buffer
27,test,600219.SH,南山铝业,10.1010101010101,0.9929775280898876,11,0.05,robust__pure_stagewise_score__none_top20_buffer,robust__pure_stagewise_score__none,20,buffer
27,test,600282.SH,南钢股份,15.3846153846154,0.9922752808988764,12,0.05,robust__pure_stagewise_score__none_top20_buffer,robust__pure_stagewise_score__none,20,buffer
27,test,000830.SZ,鲁西化工,-2.44094488188975,0.9915730337078652,13,0.05,robust__pure_stagewise_score__none_top20_buffer,robust__pure_stagewise_score__none,20,buffer
27,test,600104.SH,上汽集团,0.981079187105816,0.990870786516854,14,0.05,robust__pure_stagewise_score__none_top20_buffer,robust__pure_stagewise_score__none,20,buffer
27,test,600801.SH,华新水泥,-8.91210817455438,0.9901685393258428,15,0.05,robust__pure_stagewise_score__none_top20_buffer,robust__pure_stagewise_score__none,20,buffer
27,test,000877.SZ,天山股份,-2.29357798165138,0.9887640449438202,16,0.05,robust__pure_stagewise_score__none_top20_buffer,robust__pure_stagewise_score__none,20,buffer
27,test,000959.SZ,首钢股份,6.79886685552409,0.988061797752809,17,0.05,robust__pure_stagewise_score__none_top20_buffer,robust__pure_stagewise_score__none,20,buffer
27,test,000725.SZ,京东方A,4.32098765432096,0.9859550561797752,18,0.05,robust__pure_stagewise_score__none_top20_buffer,robust__pure_stagewise_score__none,20,buffer
27,test,600019.SH,宝钢股份,11.7463630474663,0.985252808988764,19,0.05,robust__pure_stagewise_score__none_top20_buffer,robust__pure_stagewise_score__none,20,buffer
27,test,601766.SH,中国中车,9.1880341880342,0.9810393258426966,20,0.05,robust__pure_stagewise_score__none_top20_buffer,robust__pure_stagewise_score__none,20,buffer
28,test,000932.SZ,华菱钢铁,18.5106382978723,1.0,1,0.05,robust__pure_stagewise_score__none_top20_buffer,robust__pure_stagewise_score__none,20,buffer
28,test,600741.SH,华域汽车,-3.40450086555107,0.9992977528089888,2,0.05,robust__pure_stagewise_score__none_top20_buffer,robust__pure_stagewise_score__none,20,buffer
28,test,600177.SH,雅戈尔,3.00157977883095,0.9985955056179776,3,0.05,robust__pure_stagewise_score__none_top20_buffer,robust__pure_stagewise_score__none,20,buffer
28,test,600585.SH,海螺水泥,3.17750182615049,0.9978932584269664,4,0.05,robust__pure_stagewise_score__none_top20_buffer,robust__pure_stagewise_score__none,20,buffer
28,test,002432.SZ,九安医疗,-13.5785560555664,0.9971910112359552,5,0.05,robust__pure_stagewise_score__none_top20_buffer,robust__pure_stagewise_score__none,20,buffer
28,test,600019.SH,宝钢股份,11.6279069767442,0.9964887640449438,6,0.05,robust__pure_stagewise_score__none_top20_buffer,robust__pure_stagewise_score__none,20,buffer
28,test,600104.SH,上汽集团,-0.346981263011803,0.9957865168539326,7,0.05,robust__pure_stagewise_score__none_top20_buffer,robust__pure_stagewise_score__none,20,buffer
28,test,601766.SH,中国中车,19.7651663405088,0.9950842696629212,8,0.05,robust__pure_stagewise_score__none_top20_buffer,robust__pure_stagewise_score__none,20,buffer
28,test,600362.SH,江西铜业,13.5398737808376,0.99438202247191,9,0.05,robust__pure_stagewise_score__none_top20_buffer,robust__pure_stagewise_score__none,20,buffer
28,test,600219.SH,南山铝业,3.6697247706422,0.9936797752808988,10,0.05,robust__pure_stagewise_score__none_top20_buffer,robust__pure_stagewise_score__none,20,buffer
28,test,600089.SH,特变电工,8.11752988047809,0.9929775280898876,11,0.05,robust__pure_stagewise_score__none_top20_buffer,robust__pure_stagewise_score__none,20,buffer
28,test,600740.SH,山西焦化,2.40295748613679,0.9922752808988764,12,0.05,robust__pure_stagewise_score__none_top20_buffer,robust__pure_stagewise_score__none,20,buffer
28,test,600352.SH,浙江龙盛,3.73737373737373,0.9915730337078652,13,0.05,robust__pure_stagewise_score__none_top20_buffer,robust__pure_stagewise_score__none,20,buffer
28,test,000425.SZ,徐工机械,36.6863905325444,0.990870786516854,14,0.05,robust__pure_stagewise_score__none_top20_buffer,robust__pure_stagewise_score__none,20,buffer
28,test,000877.SZ,天山股份,3.9906103286385,0.9901685393258428,15,0.05,robust__pure_stagewise_score__none_top20_buffer,robust__pure_stagewise_score__none,20,buffer
28,test,601216.SH,君正集团,13.2832080200501,0.9894662921348316,16,0.05,robust__pure_stagewise_score__none_top20_buffer,robust__pure_stagewise_score__none,20,buffer
28,test,600282.SH,南钢股份,23.4920634920635,0.988061797752809,17,0.05,robust__pure_stagewise_score__none_top20_buffer,robust__pure_stagewise_score__none,20,buffer
28,test,000830.SZ,鲁西化工,10.1694915254237,0.9866573033707864,18,0.05,robust__pure_stagewise_score__none_top20_buffer,robust__pure_stagewise_score__none,20,buffer
28,test,000725.SZ,京东方A,31.3609467455622,0.985252808988764,19,0.05,robust__pure_stagewise_score__none_top20_buffer,robust__pure_stagewise_score__none,20,buffer
28,test,600801.SH,华新水泥,4.92577597840755,0.9810393258426966,20,0.05,robust__pure_stagewise_score__none_top20_buffer,robust__pure_stagewise_score__none,20,buffer
29,test,000932.SZ,华菱钢铁,-6.09334681594776,1.0,1,0.05,robust__pure_stagewise_score__none_top20_buffer,robust__pure_stagewise_score__none,20,buffer
29,test,600741.SH,华域汽车,11.0042092603728,0.9992977528089888,2,0.05,robust__pure_stagewise_score__none_top20_buffer,robust__pure_stagewise_score__none,20,buffer
29,test,600177.SH,雅戈尔,5.0199139344453,0.9985955056179776,3,0.05,robust__pure_stagewise_score__none_top20_buffer,robust__pure_stagewise_score__none,20,buffer
29,test,600362.SH,江西铜业,-2.86591606960082,0.9978932584269664,4,0.05,robust__pure_stagewise_score__none_top20_buffer,robust__pure_stagewise_score__none,20,buffer
29,test,603077.SH,和邦生物,-16.8460088640684,0.9971910112359552,5,0.05,robust__pure_stagewise_score__none_top20_buffer,robust__pure_stagewise_score__none,20,buffer
29,test,600585.SH,海螺水泥,-10.3146516950079,0.9964887640449438,6,0.05,robust__pure_stagewise_score__none_top20_buffer,robust__pure_stagewise_score__none,20,buffer
29,test,600352.SH,浙江龙盛,-9.22330097087379,0.9957865168539326,7,0.05,robust__pure_stagewise_score__none_top20_buffer,robust__pure_stagewise_score__none,20,buffer
29,test,600219.SH,南山铝业,-9.47909793547223,0.9950842696629212,8,0.05,robust__pure_stagewise_score__none_top20_buffer,robust__pure_stagewise_score__none,20,buffer
29,test,600282.SH,南钢股份,-4.9868752883977,0.99438202247191,9,0.05,robust__pure_stagewise_score__none_top20_buffer,robust__pure_stagewise_score__none,20,buffer
29,test,002432.SZ,九安医疗,-15.237232808797,0.9936797752808988,10,0.05,robust__pure_stagewise_score__none_top20_buffer,robust__pure_stagewise_score__none,20,buffer
29,test,600019.SH,宝钢股份,-7.62112524097347,0.9929775280898876,11,0.05,robust__pure_stagewise_score__none_top20_buffer,robust__pure_stagewise_score__none,20,buffer
29,test,600104.SH,上汽集团,-0.561403508771929,0.9922752808988764,12,0.05,robust__pure_stagewise_score__none_top20_buffer,robust__pure_stagewise_score__none,20,buffer
29,test,600740.SH,山西焦化,-3.0478779464725,0.9915730337078652,13,0.05,robust__pure_stagewise_score__none_top20_buffer,robust__pure_stagewise_score__none,20,buffer
29,test,600582.SH,天地科技,13.7374683453275,0.990870786516854,14,0.05,robust__pure_stagewise_score__none_top20_buffer,robust__pure_stagewise_score__none,20,buffer
29,test,601766.SH,中国中车,9.61214165261384,0.9901685393258428,15,0.05,robust__pure_stagewise_score__none_top20_buffer,robust__pure_stagewise_score__none,20,buffer
29,test,000623.SZ,吉林敖东,5.45693622616699,0.9894662921348316,16,0.05,robust__pure_stagewise_score__none_top20_buffer,robust__pure_stagewise_score__none,20,buffer
29,test,000630.SZ,铜陵有色,-7.82606879388502,0.9887640449438202,17,0.05,robust__pure_stagewise_score__none_top20_buffer,robust__pure_stagewise_score__none,20,buffer
29,test,601216.SH,君正集团,-9.55959078833796,0.988061797752809,18,0.05,robust__pure_stagewise_score__none_top20_buffer,robust__pure_stagewise_score__none,20,buffer
29,test,600089.SH,特变电工,2.57708237459733,0.9866573033707864,19,0.05,robust__pure_stagewise_score__none_top20_buffer,robust__pure_stagewise_score__none,20,buffer
29,test,000830.SZ,鲁西化工,-19.2042846212701,0.9838483146067416,20,0.05,robust__pure_stagewise_score__none_top20_buffer,robust__pure_stagewise_score__none,20,buffer
30,test,000529.SZ,广弘控股,6.5390749601276,1.0,1,0.05,robust__pure_stagewise_score__none_top20_buffer,robust__pure_stagewise_score__none,20,buffer
30,test,300121.SZ,阳谷华泰,5.45454545454545,0.9992977528089888,2,0.05,robust__pure_stagewise_score__none_top20_buffer,robust__pure_stagewise_score__none,20,buffer
30,test,300230.SZ,永利股份,11.3960113960114,0.9985955056179776,3,0.05,robust__pure_stagewise_score__none_top20_buffer,robust__pure_stagewise_score__none,20,buffer
30,test,002022.SZ,科华生物,-13.5446685878963,0.9978932584269664,4,0.05,robust__pure_stagewise_score__none_top20_buffer,robust__pure_stagewise_score__none,20,buffer
30,test,000726.SZ,鲁泰A,1.35135135135136,0.9971910112359552,5,0.05,robust__pure_stagewise_score__none_top20_buffer,robust__pure_stagewise_score__none,20,buffer
30,test,600356.SH,恒丰纸业,2.07522697795073,0.9964887640449438,6,0.05,robust__pure_stagewise_score__none_top20_buffer,robust__pure_stagewise_score__none,20,buffer
30,test,002443.SZ,金洲管道,6.0623514968829,0.9957865168539326,7,0.05,robust__pure_stagewise_score__none_top20_buffer,robust__pure_stagewise_score__none,20,buffer
30,test,000731.SZ,四川美丰,-6.09843997162351,0.9950842696629212,8,0.05,robust__pure_stagewise_score__none_top20_buffer,robust__pure_stagewise_score__none,20,buffer
30,test,002144.SZ,宏达高科,5.8128973660309,0.99438202247191,9,0.05,robust__pure_stagewise_score__none_top20_buffer,robust__pure_stagewise_score__none,20,buffer
30,test,002394.SZ,联发股份,4.30107526881722,0.9936797752808988,10,0.05,robust__pure_stagewise_score__none_top20_buffer,robust__pure_stagewise_score__none,20,buffer
30,test,000055.SZ,方大集团,3.44086021505374,0.9929775280898876,11,0.05,robust__pure_stagewise_score__none_top20_buffer,robust__pure_stagewise_score__none,20,buffer
30,test,000822.SZ,山东海化,-2.38095238095239,0.9922752808988764,12,0.05,robust__pure_stagewise_score__none_top20_buffer,robust__pure_stagewise_score__none,20,buffer
30,test,000570.SZ,苏常柴A,9.24855491329479,0.9915730337078652,13,0.05,robust__pure_stagewise_score__none_top20_buffer,robust__pure_stagewise_score__none,20,buffer
30,test,300196.SZ,长海股份,-1.31868131868133,0.990870786516854,14,0.05,robust__pure_stagewise_score__none_top20_buffer,robust__pure_stagewise_score__none,20,buffer
30,test,002662.SZ,京威股份,4.83383685800605,0.9901685393258428,15,0.05,robust__pure_stagewise_score__none_top20_buffer,robust__pure_stagewise_score__none,20,buffer
30,test,002478.SZ,常宝股份,-10.0407055630936,0.9894662921348316,16,0.05,robust__pure_stagewise_score__none_top20_buffer,robust__pure_stagewise_score__none,20,buffer
30,test,603366.SH,日出东方,3.6649214659686,0.9887640449438202,17,0.05,robust__pure_stagewise_score__none_top20_buffer,robust__pure_stagewise_score__none,20,buffer
30,test,601339.SH,百隆东方,0.179533213644523,0.988061797752809,18,0.05,robust__pure_stagewise_score__none_top20_buffer,robust__pure_stagewise_score__none,20,buffer
30,test,300214.SZ,日科化学,1.78571428571428,0.9873595505617978,19,0.05,robust__pure_stagewise_score__none_top20_buffer,robust__pure_stagewise_score__none,20,buffer
30,test,000589.SZ,贵州轮胎,22.0614828209765,0.9866573033707864,20,0.05,robust__pure_stagewise_score__none_top20_buffer,robust__pure_stagewise_score__none,20,buffer
