column,quarter_idx,below_low_count,above_high_count,low,high
净资产收益率(TTM),1,15,15,-64.091818,28.72291799999998
净资产收益率(TTM),2,15,15,-58.143014,28.741603999999978
净资产收益率(TTM),3,15,15,-55.379217000000004,27.72940099999999
净资产收益率(TTM),4,15,15,-61.916760000000004,29.466056999999985
净资产收益率(TTM),5,15,15,-65.895543,30.41844399999999
净资产收益率(TTM),6,15,15,-53.971648,34.06163199999997
净资产收益率(TTM),7,15,15,-40.00612,33.48770999999998
净资产收益率(TTM),8,15,15,-35.66747,40.638533999999936
净资产收益率(TTM),9,15,15,-32.287456,45.243307999999985
净资产收益率(TTM),10,15,15,-37.457605,48.880559999999896
净资产收益率(TTM),11,15,15,-40.77886,42.49479199999983
净资产收益率(TTM),12,15,15,-169.920952,42.47977599999993
净资产收益率(TTM),13,15,15,-152.613472,38.39671199999999
净资产收益率(TTM),14,15,15,-118.603406,35.69076200000001
净资产收益率(TTM),15,15,15,-101.697821,32.62137900000005
净资产收益率(TTM),16,15,15,-174.64014,38.7917849999998
净资产收益率(TTM),17,15,15,-153.74153,34.07419599999996
净资产收益率(TTM),18,15,15,-139.591736,38.46824399999988
净资产收益率(TTM),19,15,15,-148.058826,36.48995799999997
净资产收益率(TTM),20,15,15,-110.89392500000001,39.96502999999996
净资产收益率(TTM),21,15,15,-83.294432,40.64205399999999
净资产收益率(TTM),22,11,20,-101.944678,36.61445700000008
净资产收益率(TTM),23,12,23,-101.944678,36.61445700000008
净资产收益率(TTM),24,8,17,-101.944678,36.61445700000008
净资产收益率(TTM),25,10,23,-101.944678,36.61445700000008
净资产收益率(TTM),26,11,37,-101.944678,36.61445700000008
净资产收益率(TTM),27,13,32,-101.944678,36.61445700000008
净资产收益率(TTM),28,11,26,-101.944678,36.61445700000008
净资产收益率(TTM),29,11,21,-101.944678,36.61445700000008
净资产收益率(TTM),30,11,19,-101.944678,36.61445700000008
总资产报酬率(TTM),1,15,15,-16.13763,22.405212
总资产报酬率(TTM),2,15,15,-14.627948,22.995745999999993
总资产报酬率(TTM),3,15,15,-13.357422,21.914158
总资产报酬率(TTM),4,15,15,-13.002818,21.199888999999995
总资产报酬率(TTM),5,15,15,-13.356793999999999,21.422721999999997
总资产报酬率(TTM),6,15,15,-11.714226,23.936163999999984
总资产报酬率(TTM),7,15,15,-10.199247999999999,24.78069199999998
总资产报酬率(TTM),8,15,15,-15.615385999999999,25.24958599999999
总资产报酬率(TTM),9,15,15,-15.916153999999999,25.949381999999996
总资产报酬率(TTM),10,15,15,-16.963581,27.23451699999999
总资产报酬率(TTM),11,15,15,-18.420844,26.290215999999997
总资产报酬率(TTM),12,15,15,-46.709793999999995,25.901550999999998
总资产报酬率(TTM),13,15,15,-46.677512,25.487865999999997
总资产报酬率(TTM),14,15,15,-46.232857,26.740181999999997
总资产报酬率(TTM),15,15,15,-46.280756,25.96510599999998
总资产报酬率(TTM),16,15,15,-43.678734,24.405627
总资产报酬率(TTM),17,15,15,-46.66716,23.79753999999999
总资产报酬率(TTM),18,15,15,-48.478623999999996,25.102351999999993
总资产报酬率(TTM),19,15,15,-47.918141999999996,26.374231999999978
总资产报酬率(TTM),20,15,15,-31.964554999999997,24.665785999999997
总资产报酬率(TTM),21,15,15,-27.129412,25.962169999999986
总资产报酬率(TTM),22,11,21,-32.936831000000005,25.195302000000005
总资产报酬率(TTM),23,10,22,-32.936831000000005,25.195302000000005
总资产报酬率(TTM),24,5,17,-32.936831000000005,25.195302000000005
总资产报酬率(TTM),25,6,25,-32.936831000000005,25.195302000000005
总资产报酬率(TTM),26,4,32,-32.936831000000005,25.195302000000005
总资产报酬率(TTM),27,5,35,-32.936831000000005,25.195302000000005
总资产报酬率(TTM),28,3,26,-32.936831000000005,25.195302000000005
总资产报酬率(TTM),29,3,21,-32.936831000000005,25.195302000000005
总资产报酬率(TTM),30,4,16,-32.936831000000005,25.195302000000005
销售净利率(TTM),1,15,15,-87.57179500000001,43.85867799999998
销售净利率(TTM),2,15,15,-92.631666,42.746424
销售净利率(TTM),3,15,15,-100.10405599999999,41.222684
销售净利率(TTM),4,15,15,-59.07217899999999,41.238843999999986
销售净利率(TTM),5,15,15,-61.619761,40.181706
销售净利率(TTM),6,15,15,-56.782042000000004,44.21182799999996
销售净利率(TTM),7,15,15,-45.002629999999996,47.25408399999997
销售净利率(TTM),8,15,15,-56.855119,47.13202899999997
销售净利率(TTM),9,15,15,-53.475518,41.86559899999999
销售净利率(TTM),10,15,15,-51.155666,41.210907
销售净利率(TTM),11,15,15,-82.494176,38.78223299999997
销售净利率(TTM),12,15,15,-152.517012,38.63693399999999
销售净利率(TTM),13,15,15,-139.158902,38.82792499999999
销售净利率(TTM),14,15,15,-200.035982,40.236151999999976
销售净利率(TTM),15,15,15,-185.679641,40.07908699999999
销售净利率(TTM),16,15,15,-174.958381,38.36097699999998
销售净利率(TTM),17,15,15,-181.437703,36.968649
销售净利率(TTM),18,15,15,-191.60021899999998,39.87752499999998
销售净利率(TTM),19,15,15,-195.46375,40.26955399999999
销售净利率(TTM),20,15,15,-125.414901,43.84527899999997
销售净利率(TTM),21,15,15,-123.379925,49.62281599999999
销售净利率(TTM),22,14,26,-121.434636,42.39689599999999
销售净利率(TTM),23,13,20,-121.434636,42.39689599999999
销售净利率(TTM),24,4,21,-121.434636,42.39689599999999
销售净利率(TTM),25,6,25,-121.434636,42.39689599999999
销售净利率(TTM),26,8,25,-121.434636,42.39689599999999
销售净利率(TTM),27,10,28,-121.434636,42.39689599999999
销售净利率(TTM),28,6,23,-121.434636,42.39689599999999
销售净利率(TTM),29,6,20,-121.434636,42.39689599999999
销售净利率(TTM),30,6,21,-121.434636,42.39689599999999
销售毛利率(TTM),1,15,15,-4.898381,79.76296299999998
销售毛利率(TTM),2,15,15,-3.5004239999999998,79.188932
销售毛利率(TTM),3,15,15,-5.683173999999999,78.16245599999998
销售毛利率(TTM),4,15,15,0.0026620000000003308,76.84944899999999
销售毛利率(TTM),5,15,15,-1.9404299999999988,77.051474
销售毛利率(TTM),6,15,15,1.4530410000000002,78.290054
销售毛利率(TTM),7,15,15,2.6044340000000004,79.40580599999998
销售毛利率(TTM),8,15,15,2.6333990000000003,79.30196099999999
销售毛利率(TTM),9,15,15,2.2271820000000004,81.24713799999999
销售毛利率(TTM),10,15,15,2.328852,81.591246
销售毛利率(TTM),11,15,15,1.1368360000000002,81.46887699999999
销售毛利率(TTM),12,15,15,-0.6729799999999998,80.324992
销售毛利率(TTM),13,15,15,-1.8132839999999988,80.99112199999995
销售毛利率(TTM),14,15,15,-0.6324439999999991,80.98478499999995
销售毛利率(TTM),15,15,15,-3.9143519999999956,81.36708399999996
销售毛利率(TTM),16,15,15,-4.2824539999999995,81.11058299999999
销售毛利率(TTM),17,15,15,-4.918621999999999,79.30376
销售毛利率(TTM),18,15,15,-6.096848,80.86899299999999
销售毛利率(TTM),19,15,15,-6.579024,81.56934399999999
销售毛利率(TTM),20,15,15,-8.411494,80.33381
销售毛利率(TTM),21,15,15,-2.8935299999999993,80.46846399999998
销售毛利率(TTM),22,10,15,-2.088732,80.24635999999994
销售毛利率(TTM),23,11,18,-2.088732,80.24635999999994
销售毛利率(TTM),24,8,13,-2.088732,80.24635999999994
销售毛利率(TTM),25,7,13,-2.088732,80.24635999999994
销售毛利率(TTM),26,7,13,-2.088732,80.24635999999994
销售毛利率(TTM),27,16,16,-2.088732,80.24635999999994
销售毛利率(TTM),28,18,14,-2.088732,80.24635999999994
销售毛利率(TTM),29,21,15,-2.088732,80.24635999999994
销售毛利率(TTM),30,29,17,-2.088732,80.24635999999994
经营活动净收益/利润总额(TTM),1,12,12,-1016.412357,112.31066099999967
经营活动净收益/利润总额(TTM),2,12,12,-1227.350702,137.68786199999988
经营活动净收益/利润总额(TTM),3,12,12,-448.764296,125.80923600000021
经营活动净收益/利润总额(TTM),4,14,14,-1104.32925,136.57202400000006
经营活动净收益/利润总额(TTM),5,13,13,-837.18578,128.61787500000003
经营活动净收益/利润总额(TTM),6,13,13,-700.997303,124.60328400000003
经营活动净收益/利润总额(TTM),7,13,13,-774.374116,128.00386000000003
经营活动净收益/利润总额(TTM),8,14,14,-998.7147839999998,119.72756399999986
经营活动净收益/利润总额(TTM),9,13,13,-752.7159800000001,122.51546399999992
经营活动净收益/利润总额(TTM),10,13,13,-671.43221,125.45076799999997
经营活动净收益/利润总额(TTM),11,13,13,-509.66006,131.07717999999986
经营活动净收益/利润总额(TTM),12,13,13,-987.8958369999999,122.99551500000003
经营活动净收益/利润总额(TTM),13,12,12,-845.079362,121.95809400000002
经营活动净收益/利润总额(TTM),14,12,12,-673.1486399999999,125.09489500000002
经营活动净收益/利润总额(TTM),15,12,12,-554.60987,145.9200150000002
经营活动净收益/利润总额(TTM),16,13,13,-1423.101206,132.84838599999995
经营活动净收益/利润总额(TTM),17,12,12,-760.903255,144.93805599999934
经营活动净收益/利润总额(TTM),18,12,12,-1335.8984659999999,134.92616199999915
经营活动净收益/利润总额(TTM),19,12,12,-825.706176,156.41898399999837
经营活动净收益/利润总额(TTM),20,13,13,-1635.0352679999999,126.94901999999989
经营活动净收益/利润总额(TTM),21,13,13,-487.04875,116.95549
经营活动净收益/利润总额(TTM),22,4,12,-878.698286,130.12807900000004
经营活动净收益/利润总额(TTM),23,10,11,-878.698286,130.12807900000004
经营活动净收益/利润总额(TTM),24,9,12,-878.698286,130.12807900000004
经营活动净收益/利润总额(TTM),25,9,15,-878.698286,130.12807900000004
经营活动净收益/利润总额(TTM),26,9,15,-878.698286,130.12807900000004
经营活动净收益/利润总额(TTM),27,9,20,-878.698286,130.12807900000004
经营活动净收益/利润总额(TTM),28,13,18,-878.698286,130.12807900000004
经营活动净收益/利润总额(TTM),29,5,16,-878.698286,130.12807900000004
经营活动净收益/利润总额(TTM),30,8,21,-878.698286,130.12807900000004
营业外收支净额/利润总额(TTM),1,12,12,-7.08504,743.133039999999
营业外收支净额/利润总额(TTM),2,12,12,-23.31882,769.0719399999882
营业外收支净额/利润总额(TTM),3,12,12,-32.10887,384.05139200000025
营业外收支净额/利润总额(TTM),4,14,14,-25.015546,748.6125340000009
营业外收支净额/利润总额(TTM),5,13,13,-21.678126,495.6425460000005
营业外收支净额/利润总额(TTM),6,13,13,-28.219368,302.7645819999999
营业外收支净额/利润总额(TTM),7,13,13,-34.79911,322.44319999999976
营业外收支净额/利润总额(TTM),8,14,14,-40.289552,245.5327199999993
营业外收支净额/利润总额(TTM),9,13,13,-124.65154799999999,244.99785600000067
营业外收支净额/利润总额(TTM),10,13,13,-97.325211,132.21842400000105
营业外收支净额/利润总额(TTM),11,13,13,-173.07962999999995,200.2319300000004
营业外收支净额/利润总额(TTM),12,13,13,-45.167176000000005,151.63265900000124
营业外收支净额/利润总额(TTM),13,12,12,-46.259440999999995,114.16695399999956
营业外收支净额/利润总额(TTM),14,12,12,-82.50940800000001,133.23532399999934
营业外收支净额/利润总额(TTM),15,12,12,-78.912826,116.97390099999966
营业外收支净额/利润总额(TTM),16,13,13,-66.230689,216.33600399999932
营业外收支净额/利润总额(TTM),17,12,12,-60.4017,127.94110000000013
营业外收支净额/利润总额(TTM),18,12,12,-72.67891,112.51332000000035
营业外收支净额/利润总额(TTM),19,12,12,-83.795631,112.03902000000048
营业外收支净额/利润总额(TTM),20,13,13,-68.183516,85.9634819999997
营业外收支净额/利润总额(TTM),21,13,13,-52.812870000000004,57.796570000000095
营业外收支净额/利润总额(TTM),22,12,4,-61.1751,296.3016
营业外收支净额/利润总额(TTM),23,9,2,-61.1751,296.3016
营业外收支净额/利润总额(TTM),24,10,0,-61.1751,296.3016
营业外收支净额/利润总额(TTM),25,10,1,-61.1751,296.3016
营业外收支净额/利润总额(TTM),26,12,1,-61.1751,296.3016
营业外收支净额/利润总额(TTM),27,11,3,-61.1751,296.3016
营业外收支净额/利润总额(TTM),28,16,1,-61.1751,296.3016
营业外收支净额/利润总额(TTM),29,12,1,-61.1751,296.3016
营业外收支净额/利润总额(TTM),30,16,2,-61.1751,296.3016
营业利润/利润总额(TTM),1,15,15,-564.157782,477.87896599999885
营业利润/利润总额(TTM),2,15,15,-581.669254,425.17576099999997
营业利润/利润总额(TTM),3,15,15,-253.97001600000002,461.96917799999846
营业利润/利润总额(TTM),4,15,15,-594.2837930000001,211.46000499999937
营业利润/利润总额(TTM),5,15,15,-396.449044,365.97341899999935
营业利润/利润总额(TTM),6,15,15,-194.35064599999998,315.8086179999998
营业利润/利润总额(TTM),7,15,15,-217.699552,886.5425499999976
营业利润/利润总额(TTM),8,15,15,-144.88768,160.9704569999999
营业利润/利润总额(TTM),9,15,15,-150.066407,254.48622399999988
营业利润/利润总额(TTM),10,15,15,-68.15265099999999,202.309409
营业利润/利润总额(TTM),11,15,15,-101.74977299999999,325.527161
营业利润/利润总额(TTM),12,15,15,-41.094404,189.85973099999975
营业利润/利润总额(TTM),13,15,15,-19.976201999999994,230.22652499999992
营业利润/利润总额(TTM),14,15,15,-70.62982499999998,215.52676899999997
营业利润/利润总额(TTM),15,15,15,-49.685852,219.4714539999999
营业利润/利润总额(TTM),16,15,15,-107.68548,180.3043239999997
营业利润/利润总额(TTM),17,15,15,-28.16853,252.90645099999918
营业利润/利润总额(TTM),18,15,15,-20.049795999999997,303.85845199999943
营业利润/利润总额(TTM),19,15,15,-66.32241599999999,243.048372
营业利润/利润总额(TTM),20,15,15,14.265773000000001,199.85051199999984
营业利润/利润总额(TTM),21,15,15,25.357687000000006,178.54520399999998
营业利润/利润总额(TTM),22,7,8,-181.02074299999998,286.15509700000024
营业利润/利润总额(TTM),23,6,8,-181.02074299999998,286.15509700000024
营业利润/利润总额(TTM),24,3,6,-181.02074299999998,286.15509700000024
营业利润/利润总额(TTM),25,4,4,-181.02074299999998,286.15509700000024
营业利润/利润总额(TTM),26,6,8,-181.02074299999998,286.15509700000024
营业利润/利润总额(TTM),27,7,7,-181.02074299999998,286.15509700000024
营业利润/利润总额(TTM),28,2,9,-181.02074299999998,286.15509700000024
营业利润/利润总额(TTM),29,5,6,-181.02074299999998,286.15509700000024
营业利润/利润总额(TTM),30,7,10,-181.02074299999998,286.15509700000024
利润总额/营业收入(TTM),1,15,15,-86.671312,50.523267999999995
利润总额/营业收入(TTM),2,15,15,-104.19102499999998,50.342318999999996
利润总额/营业收入(TTM),3,15,15,-81.14303699999999,50.41067899999998
利润总额/营业收入(TTM),4,15,15,-48.104223,47.207655999999986
利润总额/营业收入(TTM),5,15,15,-50.691492000000004,46.85890999999998
利润总额/营业收入(TTM),6,15,15,-50.56390599999999,51.993027999999946
利润总额/营业收入(TTM),7,15,15,-44.241216,56.132825
利润总额/营业收入(TTM),8,15,15,-54.652161,54.84000099999998
利润总额/营业收入(TTM),9,15,15,-53.772800999999994,51.24659099999997
利润总额/营业收入(TTM),10,15,15,-49.759051,49.126754999999996
利润总额/营业收入(TTM),11,15,15,-82.578917,45.775708999999985
利润总额/营业收入(TTM),12,15,15,-143.978388,45.072604
利润总额/营业收入(TTM),13,15,15,-134.991596,46.50156999999997
利润总额/营业收入(TTM),14,15,15,-199.77669600000002,47.36370199999999
利润总额/营业收入(TTM),15,15,15,-184.858996,49.07197599999994
利润总额/营业收入(TTM),16,15,15,-174.342795,45.253402999999985
利润总额/营业收入(TTM),17,15,15,-189.394815,43.099876999999985
利润总额/营业收入(TTM),18,15,15,-191.90028999999998,46.17558399999999
利润总额/营业收入(TTM),19,15,15,-185.42372899999998,48.36490499999999
利润总额/营业收入(TTM),20,15,15,-128.641044,50.15202499999996
利润总额/营业收入(TTM),21,15,15,-130.86766599999999,56.84843299999999
利润总额/营业收入(TTM),22,16,25,-119.982845,49.84860499999982
利润总额/营业收入(TTM),23,14,22,-119.982845,49.84860499999982
利润总额/营业收入(TTM),24,4,23,-119.982845,49.84860499999982
利润总额/营业收入(TTM),25,6,25,-119.982845,49.84860499999982
利润总额/营业收入(TTM),26,7,23,-119.982845,49.84860499999982
利润总额/营业收入(TTM),27,10,30,-119.982845,49.84860499999982
利润总额/营业收入(TTM),28,6,22,-119.982845,49.84860499999982
利润总额/营业收入(TTM),29,6,21,-119.982845,49.84860499999982
利润总额/营业收入(TTM),30,8,17,-119.982845,49.84860499999982
经营活动产生的现金流量净额/营业收入(TTM),1,15,15,-54.257841,46.542142999999996
经营活动产生的现金流量净额/营业收入(TTM),2,15,15,-50.686082,51.22923599999998
经营活动产生的现金流量净额/营业收入(TTM),3,15,15,-51.837862,57.41110599999999
经营活动产生的现金流量净额/营业收入(TTM),4,15,15,-48.400599,50.64018899999998
经营活动产生的现金流量净额/营业收入(TTM),5,15,15,-42.851006000000005,50.193316999999986
经营活动产生的现金流量净额/营业收入(TTM),6,15,15,-46.021273,52.06291599999989
经营活动产生的现金流量净额/营业收入(TTM),7,15,15,-54.84623,50.379327999999965
经营活动产生的现金流量净额/营业收入(TTM),8,15,15,-54.095784,43.540941999999994
经营活动产生的现金流量净额/营业收入(TTM),9,15,15,-51.945443,46.25624699999999
经营活动产生的现金流量净额/营业收入(TTM),10,15,15,-45.213637999999996,49.33896799999998
经营活动产生的现金流量净额/营业收入(TTM),11,15,15,-46.097345999999995,51.54050999999993
经营活动产生的现金流量净额/营业收入(TTM),12,15,15,-45.180648000000005,48.997769999999996
经营活动产生的现金流量净额/营业收入(TTM),13,15,15,-36.715876,53.58142699999999
经营活动产生的现金流量净额/营业收入(TTM),14,15,15,-41.69566499999999,59.37989499999991
经营活动产生的现金流量净额/营业收入(TTM),15,15,15,-43.512583,54.18543099999998
经营活动产生的现金流量净额/营业收入(TTM),16,15,15,-38.595116,49.409058999999985
经营活动产生的现金流量净额/营业收入(TTM),17,15,15,-45.640554,54.35116099999998
经营活动产生的现金流量净额/营业收入(TTM),18,15,15,-48.323268999999996,49.97123999999998
经营活动产生的现金流量净额/营业收入(TTM),19,15,15,-54.292978000000005,49.305066000000004
经营活动产生的现金流量净额/营业收入(TTM),20,15,15,-47.496569,49.10285399999995
经营活动产生的现金流量净额/营业收入(TTM),21,15,15,-40.530563,48.91986
经营活动产生的现金流量净额/营业收入(TTM),22,13,12,-48.36854,51.19216799999992
经营活动产生的现金流量净额/营业收入(TTM),23,12,14,-48.36854,51.19216799999992
经营活动产生的现金流量净额/营业收入(TTM),24,7,14,-48.36854,51.19216799999992
经营活动产生的现金流量净额/营业收入(TTM),25,7,15,-48.36854,51.19216799999992
经营活动产生的现金流量净额/营业收入(TTM),26,7,16,-48.36854,51.19216799999992
经营活动产生的现金流量净额/营业收入(TTM),27,7,15,-48.36854,51.19216799999992
经营活动产生的现金流量净额/营业收入(TTM),28,6,15,-48.36854,51.19216799999992
经营活动产生的现金流量净额/营业收入(TTM),29,6,16,-48.36854,51.19216799999992
经营活动产生的现金流量净额/营业收入(TTM),30,8,9,-48.36854,51.19216799999992
经营活动产生的现金流量净额/营业利润(TTM),1,15,15,-6292.436007999999,2860.0182079999977
经营活动产生的现金流量净额/营业利润(TTM),2,15,15,-3175.7303239999997,2620.77107
经营活动产生的现金流量净额/营业利润(TTM),3,15,15,-3277.519589,3345.0412029999998
经营活动产生的现金流量净额/营业利润(TTM),4,15,15,-2746.485663,2941.044759
经营活动产生的现金流量净额/营业利润(TTM),5,15,15,-2356.764596,4257.30710599999
经营活动产生的现金流量净额/营业利润(TTM),6,15,15,-3284.819815,2565.5232829999977
经营活动产生的现金流量净额/营业利润(TTM),7,15,15,-2469.569688,2745.3335979999974
经营活动产生的现金流量净额/营业利润(TTM),8,15,15,-2662.177242,1383.5287889999981
经营活动产生的现金流量净额/营业利润(TTM),9,15,15,-2346.58397,1293.4150779999993
经营活动产生的现金流量净额/营业利润(TTM),10,15,15,-1599.8498539999998,1374.5158199999978
经营活动产生的现金流量净额/营业利润(TTM),11,15,15,-2007.261431,1618.4411099999982
经营活动产生的现金流量净额/营业利润(TTM),12,15,15,-2161.658315,1886.2154329999967
经营活动产生的现金流量净额/营业利润(TTM),13,15,15,-1490.709372,2353.9907859999985
经营活动产生的现金流量净额/营业利润(TTM),14,15,15,-1445.842778,1793.3003679999993
经营活动产生的现金流量净额/营业利润(TTM),15,15,15,-2230.5882159999996,1773.908086999999
经营活动产生的现金流量净额/营业利润(TTM),16,15,15,-1319.6025869999999,3639.782050999982
经营活动产生的现金流量净额/营业利润(TTM),17,15,15,-2669.880414,2330.919977
经营活动产生的现金流量净额/营业利润(TTM),18,15,15,-2150.841621,3502.9949469999947
经营活动产生的现金流量净额/营业利润(TTM),19,15,15,-2017.98606,2250.617276999999
经营活动产生的现金流量净额/营业利润(TTM),20,15,15,-1078.335664,2001.8876759999966
经营活动产生的现金流量净额/营业利润(TTM),21,15,15,-787.495232,1392.3490219999992
经营活动产生的现金流量净额/营业利润(TTM),22,7,11,-2270.2798029999994,2431.2160240000358
经营活动产生的现金流量净额/营业利润(TTM),23,6,18,-2270.2798029999994,2431.2160240000358
经营活动产生的现金流量净额/营业利润(TTM),24,9,9,-2270.2798029999994,2431.2160240000358
经营活动产生的现金流量净额/营业利润(TTM),25,13,13,-2270.2798029999994,2431.2160240000358
经营活动产生的现金流量净额/营业利润(TTM),26,16,16,-2270.2798029999994,2431.2160240000358
经营活动产生的现金流量净额/营业利润(TTM),27,16,16,-2270.2798029999994,2431.2160240000358
经营活动产生的现金流量净额/营业利润(TTM),28,10,13,-2270.2798029999994,2431.2160240000358
经营活动产生的现金流量净额/营业利润(TTM),29,13,12,-2270.2798029999994,2431.2160240000358
经营活动产生的现金流量净额/营业利润(TTM),30,15,12,-2270.2798029999994,2431.2160240000358
营业收入(1年，增长率),1,11,11,-67.55135297137511,260.149925087409
营业收入(1年，增长率),2,12,12,-67.5638920056991,242.10799484797187
营业收入(1年，增长率),3,12,12,-55.5484353750298,202.56962450852436
营业收入(1年，增长率),4,14,14,-45.31547797415355,177.99823805246126
营业收入(1年，增长率),5,13,13,-57.35261385409356,277.2148495901785
营业收入(1年，增长率),6,13,13,-44.27645054988758,240.97791146469712
营业收入(1年，增长率),7,14,14,-33.84747803338838,266.80943739972577
营业收入(1年，增长率),8,14,14,-33.41334681428595,191.88233447766825
营业收入(1年，增长率),9,14,14,-55.79054486581762,477.64192992590273
营业收入(1年，增长率),10,14,14,-48.095869520058635,231.27105165419167
营业收入(1年，增长率),11,14,14,-46.33361715248988,183.39218350416826
营业收入(1年，增长率),12,15,15,-46.213420049769624,119.9863371672417
营业收入(1年，增长率),13,14,14,-59.811294789742,169.0313386022941
营业收入(1年，增长率),14,14,14,-59.91526140475284,118.6128041765078
营业收入(1年，增长率),15,14,14,-60.24529376257918,116.97324512736371
营业收入(1年，增长率),16,15,15,-58.274125771640385,104.34681395015069
营业收入(1年，增长率),17,14,14,-76.98214189548011,139.63235456603852
营业收入(1年，增长率),18,14,14,-58.15053127805869,154.82949589204154
营业收入(1年，增长率),19,14,14,-53.64009255028658,186.81838371757084
营业收入(1年，增长率),20,15,15,-53.22984103029588,153.23296846239955
营业收入(1年，增长率),21,14,14,-47.91490908073763,484.61424521455837
营业收入(1年，增长率),22,7,18,-59.45551463026702,216.650330056374
营业收入(1年，增长率),23,7,11,-59.45551463026702,216.650330056374
营业收入(1年，增长率),24,2,10,-59.45551463026702,216.650330056374
营业收入(1年，增长率),25,19,20,-59.45551463026702,216.650330056374
营业收入(1年，增长率),26,15,15,-59.45551463026702,216.650330056374
营业收入(1年，增长率),27,11,13,-59.45551463026702,216.650330056374
营业收入(1年，增长率),28,11,12,-59.45551463026702,216.650330056374
营业收入(1年，增长率),29,24,5,-59.45551463026702,216.650330056374
营业收入(1年，增长率),30,18,5,-59.45551463026702,216.650330056374
营业利润(1年，增长率),1,11,11,-812.0767869469335,1476.4943153573315
营业利润(1年，增长率),2,12,12,-914.9448334799418,1946.7388387246626
营业利润(1年，增长率),3,12,12,-475.0431021922443,925.2677047770248
营业利润(1年，增长率),4,14,14,-711.1966249051812,1627.8555089469723
营业利润(1年，增长率),5,13,13,-658.5029355661621,1796.164949302114
营业利润(1年，增长率),6,13,13,-394.0259681386627,2004.8835734984755
营业利润(1年，增长率),7,14,14,-453.19871294695776,1630.1751417776331
营业利润(1年，增长率),8,14,14,-542.7876147552912,974.1968270747847
营业利润(1年，增长率),9,14,14,-481.4211978292566,2030.3503005083155
营业利润(1年，增长率),10,14,14,-667.9122219832176,1195.7880866852
营业利润(1年，增长率),11,14,14,-510.7092888453027,1315.6016174113574
营业利润(1年，增长率),12,15,15,-1517.5425269840005,592.0738993183446
营业利润(1年，增长率),13,14,14,-394.84005805585116,1314.5972293620691
营业利润(1年，增长率),14,14,14,-618.4445922421114,1392.9142558226472
营业利润(1年，增长率),15,14,14,-646.5970039372268,1175.7825815967706
营业利润(1年，增长率),16,15,15,-1365.2292762224572,1363.1372798255968
营业利润(1年，增长率),17,14,14,-3490.161701253248,1046.4387443407613
营业利润(1年，增长率),18,14,14,-921.6284772147676,1333.1369317163262
营业利润(1年，增长率),19,14,14,-1168.5143152392857,1362.5330207597951
营业利润(1年，增长率),20,15,15,-3920.9020550261507,2326.213935985767
营业利润(1年，增长率),21,14,14,-497.20578790229547,4552.112246174794
营业利润(1年，增长率),22,13,30,-883.510559705891,1643.4487898036775
营业利润(1年，增长率),23,19,20,-883.510559705891,1643.4487898036775
营业利润(1年，增长率),24,43,13,-883.510559705891,1643.4487898036775
营业利润(1年，增长率),25,16,15,-883.510559705891,1643.4487898036775
营业利润(1年，增长率),26,17,11,-883.510559705891,1643.4487898036775
营业利润(1年，增长率),27,22,11,-883.510559705891,1643.4487898036775
营业利润(1年，增长率),28,53,16,-883.510559705891,1643.4487898036775
营业利润(1年，增长率),29,20,15,-883.510559705891,1643.4487898036775
营业利润(1年，增长率),30,27,6,-883.510559705891,1643.4487898036775
利润总额(1年，增长率),1,11,11,-641.3099590424017,2052.97194618433
利润总额(1年，增长率),2,12,12,-680.089128259978,2453.964788697777
利润总额(1年，增长率),3,12,12,-651.7458702090927,1844.2325717433914
利润总额(1年，增长率),4,14,14,-1277.1650473057575,1176.002006093405
利润总额(1年，增长率),5,13,13,-600.3288560548444,2275.16099820152
利润总额(1年，增长率),6,13,13,-454.8647736469395,1734.1634838640148
利润总额(1年，增长率),7,14,14,-593.0161741722477,1650.2104610219897
利润总额(1年，增长率),8,14,14,-879.057479356131,760.4963076301016
利润总额(1年，增长率),9,14,14,-531.355787641612,1505.9615654135848
利润总额(1年，增长率),10,14,14,-610.0896570705579,1294.7005142640796
利润总额(1年，增长率),11,14,14,-791.6488091743149,988.2750829244437
利润总额(1年，增长率),12,15,15,-1896.6217192678478,650.6011287707944
利润总额(1年，增长率),13,14,14,-389.78040366418224,1675.9666436817254
利润总额(1年，增长率),14,14,14,-491.9671668530607,1188.5933960036082
利润总额(1年，增长率),15,14,14,-760.3969172278111,1239.03802103967
利润总额(1年，增长率),16,15,15,-2513.931450684123,740.18101703383
利润总额(1年，增长率),17,14,14,-1547.664763165822,1031.52503582455
利润总额(1年，增长率),18,14,14,-945.0402427475507,1256.8904300985926
利润总额(1年，增长率),19,14,14,-947.5892226912949,1469.6819863045203
利润总额(1年，增长率),20,15,15,-2366.2881227248,1238.745226798376
利润总额(1年，增长率),21,14,14,-288.6338145644933,3356.5159217284577
利润总额(1年，增长率),22,8,37,-992.2480858040669,1606.3535076346948
利润总额(1年，增长率),23,19,26,-992.2480858040669,1606.3535076346948
利润总额(1年，增长率),24,30,11,-992.2480858040669,1606.3535076346948
利润总额(1年，增长率),25,16,13,-992.2480858040669,1606.3535076346948
利润总额(1年，增长率),26,13,12,-992.2480858040669,1606.3535076346948
利润总额(1年，增长率),27,23,9,-992.2480858040669,1606.3535076346948
利润总额(1年，增长率),28,42,4,-992.2480858040669,1606.3535076346948
利润总额(1年，增长率),29,17,14,-992.2480858040669,1606.3535076346948
利润总额(1年，增长率),30,19,11,-992.2480858040669,1606.3535076346948
净资产收益率(1年，增长率),1,11,11,-1105.5658450821902,798.368680491338
净资产收益率(1年，增长率),2,11,11,-707.7422734580429,1464.7083333333335
净资产收益率(1年，增长率),3,11,11,-843.0690717206106,1489.6447457522358
净资产收益率(1年，增长率),4,14,14,-1216.6950891022184,853.560155121291
净资产收益率(1年，增长率),5,11,11,-613.4778376756348,1790.9239932335013
净资产收益率(1年，增长率),6,13,13,-406.2796923642176,1505.8289128511296
净资产收益率(1年，增长率),7,12,12,-491.1771811758812,1292.2854490992868
净资产收益率(1年，增长率),8,14,14,-875.273674765013,593.6606001558171
净资产收益率(1年，增长率),9,13,13,-620.663916671045,735.0599600711879
净资产收益率(1年，增长率),10,14,14,-865.2047120076052,802.3702622983827
净资产收益率(1年，增长率),11,14,14,-870.6684959510113,847.94879394368
净资产收益率(1年，增长率),12,14,14,-2493.295584251311,441.01961431267404
净资产收益率(1年，增长率),13,14,14,-475.864721345555,1228.849751612947
净资产收益率(1年，增长率),14,14,14,-852.0993893918222,993.4637319320415
净资产收益率(1年，增长率),15,14,14,-960.4110911365766,1224.1155216937157
净资产收益率(1年，增长率),16,15,15,-2926.073589380412,591.6798393910537
净资产收益率(1年，增长率),17,14,14,-1732.750915750914,754.7838302895341
净资产收益率(1年，增长率),18,14,14,-1056.87458151992,1263.1222709951946
净资产收益率(1年，增长率),19,14,14,-1333.2733239279844,1594.5413459462973
净资产收益率(1年，增长率),20,15,15,-2885.2790877323782,917.0006525022667
净资产收益率(1年，增长率),21,14,14,-249.02693885693495,4538.629444168321
净资产收益率(1年，增长率),22,12,40,-1178.2445270617236,1211.6868645022312
净资产收益率(1年，增长率),23,20,33,-1178.2445270617236,1211.6868645022312
净资产收益率(1年，增长率),24,31,14,-1178.2445270617236,1211.6868645022312
净资产收益率(1年，增长率),25,18,11,-1178.2445270617236,1211.6868645022312
净资产收益率(1年，增长率),26,14,15,-1178.2445270617236,1211.6868645022312
净资产收益率(1年，增长率),27,21,10,-1178.2445270617236,1211.6868645022312
净资产收益率(1年，增长率),28,35,6,-1178.2445270617236,1211.6868645022312
净资产收益率(1年，增长率),29,11,18,-1178.2445270617236,1211.6868645022312
净资产收益率(1年，增长率),30,19,12,-1178.2445270617236,1211.6868645022312
总资产周转率(TTM),1,15,15,0.08106300000000001,2.1383869999999985
总资产周转率(TTM),2,15,15,0.07321,2.327644999999999
总资产周转率(TTM),3,15,15,0.072767,2.255407999999996
总资产周转率(TTM),4,15,15,0.087723,2.257171999999999
总资产周转率(TTM),5,15,15,0.083068,2.266879999999999
总资产周转率(TTM),6,15,15,0.099383,2.4045519999999985
总资产周转率(TTM),7,15,15,0.098328,2.322488
总资产周转率(TTM),8,15,15,0.095171,2.292524
总资产周转率(TTM),9,15,15,0.086592,2.390929
总资产周转率(TTM),10,15,15,0.08017200000000001,2.4571389999999993
总资产周转率(TTM),11,15,15,0.069661,2.2831819999999996
总资产周转率(TTM),12,15,15,0.095419,2.347470999999999
总资产周转率(TTM),13,15,15,0.088538,2.2416679999999998
总资产周转率(TTM),14,15,15,0.082149,2.096122
总资产周转率(TTM),15,15,15,0.078782,2.1474159999999993
总资产周转率(TTM),16,15,15,0.085823,2.1861739999999976
总资产周转率(TTM),17,15,15,0.073802,2.0712119999999996
总资产周转率(TTM),18,15,15,0.074884,2.030592
总资产周转率(TTM),19,15,15,0.065792,2.084592
总资产周转率(TTM),20,15,15,0.077695,2.333987
总资产周转率(TTM),21,15,15,0.086045,2.4698719999999974
总资产周转率(TTM),22,12,21,0.0792,2.287970000000001
总资产周转率(TTM),23,15,21,0.0792,2.287970000000001
总资产周转率(TTM),24,8,20,0.0792,2.287970000000001
总资产周转率(TTM),25,7,18,0.0792,2.287970000000001
总资产周转率(TTM),26,6,20,0.0792,2.287970000000001
总资产周转率(TTM),27,9,18,0.0792,2.287970000000001
总资产周转率(TTM),28,5,17,0.0792,2.287970000000001
总资产周转率(TTM),29,5,15,0.0792,2.287970000000001
总资产周转率(TTM),30,8,16,0.0792,2.287970000000001
总市值(证监会算法),1,15,15,2674822735.76,88575300068.56053
总市值(证监会算法),2,15,15,2747903907.644139,90735866699.46451
总市值(证监会算法),3,15,15,3074861136.8,89977555406.98233
总市值(证监会算法),4,15,15,3377833192.21,96614696092.6588
总市值(证监会算法),5,15,15,2920287774.012,101411714815.5323
总市值(证监会算法),6,15,15,2401903794.024,108171633601.98854
总市值(证监会算法),7,15,15,2406241216.4,122069034185.63748
总市值(证监会算法),8,15,15,2054627812.5316,123428758736.59201
总市值(证监会算法),9,15,15,1827930514.134,121745669090.13669
总市值(证监会算法),10,15,15,1372632971.292,121146335872.57721
总市值(证监会算法),11,15,15,1304456960.346,107184459481.55923
总市值(证监会算法),12,15,15,1319398100.0,92113654518.55164
总市值(证监会算法),13,15,15,1625174403.216,134287851096.45949
总市值(证监会算法),14,15,15,1487092574.3508,125337577786.84828
总市值(证监会算法),15,15,15,1436164091.412,131178007389.38148
总市值(证监会算法),16,15,15,1467752173.8,153641137475.06256
总市值(证监会算法),17,15,15,1363834950.8355,132076423783.03722
总市值(证监会算法),18,15,15,1261559692.7612,158690395288.15756
总市值(证监会算法),19,15,15,1341974139.36325,210920386932.008
总市值(证监会算法),20,15,15,1301311371.7844,285779798046.24756
总市值(证监会算法),21,15,15,1307021719.0275,247211098777.64774
总市值(证监会算法),22,24,41,1477647852.7272,133727260645.74191
总市值(证监会算法),23,19,44,1477647852.7272,133727260645.74191
总市值(证监会算法),24,9,44,1477647852.7272,133727260645.74191
总市值(证监会算法),25,6,35,1477647852.7272,133727260645.74191
总市值(证监会算法),26,12,37,1477647852.7272,133727260645.74191
总市值(证监会算法),27,16,29,1477647852.7272,133727260645.74191
总市值(证监会算法),28,10,26,1477647852.7272,133727260645.74191
总市值(证监会算法),29,6,32,1477647852.7272,133727260645.74191
总市值(证监会算法),30,6,30,1477647852.7272,133727260645.74191
流通市值,1,15,15,2652126902.24,88062314629.78658
流通市值,2,15,15,2742799810.8,90627328387.933
流通市值,3,15,15,3050442709.8,89952951082.54155
流通市值,4,15,15,3361945628.012,95661068135.23288
流通市值,5,15,15,2920529944.8580003,101376424047.97653
流通市值,6,15,15,2387586007.464,108074531059.07903
流通市值,7,15,15,2387798006.5,122023099914.54832
流通市值,8,15,15,2037219974.751,123358453403.01718
流通市值,9,15,15,1805118822.099,121632413690.6789
流通市值,10,15,15,1372643830.378,119312091802.65956
流通市值,11,15,15,1294253116.7384,105300664336.02159
流通市值,12,15,15,1295185562.72,91685416278.69743
流通市值,13,15,15,1625174403.216,133260324146.79736
流通市值,14,15,15,1473100232.52,125184037637.99985
流通市值,15,15,15,1431304108.0712,130570607878.19992
流通市值,16,15,15,1449025772.6208,151419301521.95532
流通市值,17,15,15,1341928271.3223999,132035192549.71986
流通市值,18,15,15,1239419266.2305999,158373913720.2775
流通市值,19,15,15,1310460048.975,210914362127.0027
流通市值,20,15,15,1301681840.7772,285773823304.83875
流通市值,21,15,15,1307118201.9825,247116829746.9476
流通市值,22,22,41,1466406900.0,133616241101.45206
流通市值,23,19,44,1466406900.0,133616241101.45206
流通市值,24,9,44,1466406900.0,133616241101.45206
流通市值,25,6,35,1466406900.0,133616241101.45206
流通市值,26,14,37,1466406900.0,133616241101.45206
流通市值,27,16,29,1466406900.0,133616241101.45206
流通市值,28,10,26,1466406900.0,133616241101.45206
流通市值,29,5,31,1466406900.0,133616241101.45206
流通市值,30,7,30,1466406900.0,133616241101.45206
市盈率PE(TTM),1,15,15,-542.1483728027342,1269.1915954589824
市盈率PE(TTM),2,15,15,-993.4509252929716,1004.288659667969
市盈率PE(TTM),3,15,15,-1458.372438964843,1282.060705566409
市盈率PE(TTM),4,15,15,-672.2036120605471,1401.406940917967
市盈率PE(TTM),5,15,15,-340.9650054931645,1084.493811035154
市盈率PE(TTM),6,15,15,-363.9641668701173,1154.9581689453155
市盈率PE(TTM),7,15,15,-587.4862695312498,1253.3047875976567
市盈率PE(TTM),8,15,15,-705.3824255371097,906.3079821777344
市盈率PE(TTM),9,15,15,-244.8857614135739,1003.2808129882814
市盈率PE(TTM),10,15,15,-311.20919677734395,628.4525476074214
市盈率PE(TTM),11,15,15,-348.3008129882815,677.1921539306638
市盈率PE(TTM),12,15,15,-246.57329757690408,634.3935430908199
市盈率PE(TTM),13,15,15,-187.31772232055664,744.5802478027343
市盈率PE(TTM),14,15,15,-460.1879016113281,735.8059948730433
市盈率PE(TTM),15,15,15,-387.4641360473631,636.8859832763657
市盈率PE(TTM),16,15,15,-491.64694976806635,429.7199234008789
市盈率PE(TTM),17,15,15,-151.86081436157244,536.566329956052
市盈率PE(TTM),18,15,15,-828.4914062500006,705.0448876953126
市盈率PE(TTM),19,15,15,-671.7922241210941,584.9678833007805
市盈率PE(TTM),20,15,15,-806.5567071533206,1168.8992907714849
市盈率PE(TTM),21,15,15,-702.7749902343751,784.0565429687465
市盈率PE(TTM),22,7,8,-553.7939624023439,928.5690136718641
市盈率PE(TTM),23,17,9,-553.7939624023439,928.5690136718641
市盈率PE(TTM),24,15,7,-553.7939624023439,928.5690136718641
市盈率PE(TTM),25,14,4,-553.7939624023439,928.5690136718641
市盈率PE(TTM),26,17,11,-553.7939624023439,928.5690136718641
市盈率PE(TTM),27,15,9,-553.7939624023439,928.5690136718641
市盈率PE(TTM),28,14,16,-553.7939624023439,928.5690136718641
市盈率PE(TTM),29,12,15,-553.7939624023439,928.5690136718641
市盈率PE(TTM),30,21,10,-553.7939624023439,928.5690136718641
市净率PB(LF),1,15,15,0.9004478555917739,27.277264900207523
市净率PB(LF),2,15,15,0.8836514413356784,29.13212467193601
市净率PB(LF),3,15,15,0.93653523683548,33.4795362854003
市净率PB(LF),4,15,15,1.0096143841743463,38.92028968811026
市净率PB(LF),5,15,15,1.1268533945083639,36.553833084106465
市净率PB(LF),6,15,15,1.0680015611648603,38.03293212890619
市净率PB(LF),7,15,15,1.100240769386293,32.00891529083244
市净率PB(LF),8,15,15,0.9919196498394011,20.529401626586896
市净率PB(LF),9,15,15,0.9088889002799987,20.190532455444277
市净率PB(LF),10,15,15,0.7600103545188904,16.98393638610839
市净率PB(LF),11,15,15,0.6994842332601547,14.145090541839558
市净率PB(LF),12,15,15,0.6063658654689791,12.588295583724953
市净率PB(LF),13,15,15,0.8056404030323027,15.126548404693573
市净率PB(LF),14,15,15,0.6566694796085355,14.652229290008492
市净率PB(LF),15,15,15,0.5653625792264942,16.187351303100584
市净率PB(LF),16,15,15,0.5752030682563779,16.65884977340701
市净率PB(LF),17,15,15,0.4922516655921938,16.265200557708702
市净率PB(LF),18,15,15,0.5850049424171451,19.404815216064428
市净率PB(LF),19,15,15,0.5847941398620606,20.987847900390573
市净率PB(LF),20,15,15,0.5461505562067036,21.800003986358632
市净率PB(LF),21,15,15,0.6440252315998077,23.32135787963864
市净率PB(LF),22,17,24,0.6674188518524171,22.70574729919429
市净率PB(LF),23,18,27,0.6674188518524171,22.70574729919429
市净率PB(LF),24,16,20,0.6674188518524171,22.70574729919429
市净率PB(LF),25,14,13,0.6674188518524171,22.70574729919429
市净率PB(LF),26,16,14,0.6674188518524171,22.70574729919429
市净率PB(LF),27,37,15,0.6674188518524171,22.70574729919429
市净率PB(LF),28,26,15,0.6674188518524171,22.70574729919429
市净率PB(LF),29,19,16,0.6674188518524171,22.70574729919429
市净率PB(LF),30,18,19,0.6674188518524171,22.70574729919429
市销率PS(TTM),1,15,15,0.32264847278595,69.78945983886707
市销率PS(TTM),2,15,15,0.3312821829319001,72.56763946533185
市销率PS(TTM),3,15,15,0.34552299976348916,63.239920196533106
市销率PS(TTM),4,15,15,0.3789905077219006,66.34913360595682
市销率PS(TTM),5,15,15,0.41630967617034903,58.68356681823721
市销率PS(TTM),6,15,15,0.3837233501672743,44.6330737304687
市销率PS(TTM),7,15,15,0.42796050786972056,46.258414916992116
市销率PS(TTM),8,15,15,0.3541234272718429,41.40753410339357
市销率PS(TTM),9,15,15,0.3071697080135345,36.730328102111585
市销率PS(TTM),10,15,15,0.2561313921213149,29.51904773712154
市销率PS(TTM),11,15,15,0.22933349907398262,29.83745071411137
市销率PS(TTM),12,15,15,0.2006185688078404,24.13932821273799
市销率PS(TTM),13,15,15,0.2811998611688612,37.115580062866094
市销率PS(TTM),14,15,15,0.2526689356565479,29.378755149841293
市销率PS(TTM),15,15,15,0.22977457597851716,29.286951274871797
市销率PS(TTM),16,15,15,0.23069388657808304,35.19430568695061
市销率PS(TTM),17,15,15,0.2253384637832644,31.787352924346887
市销率PS(TTM),18,15,15,0.22063284844160078,31.287531051635533
市销率PS(TTM),19,15,15,0.2374922811985018,30.741618347167858
市销率PS(TTM),20,15,15,0.2642431059479716,32.1619452095031
市销率PS(TTM),21,15,15,0.2590637627243996,29.361991653442367
市销率PS(TTM),22,18,13,0.26352926731109627,41.116617126464355
市销率PS(TTM),23,18,9,0.26352926731109627,41.116617126464355
市销率PS(TTM),24,21,8,0.26352926731109627,41.116617126464355
市销率PS(TTM),25,26,7,0.26352926731109627,41.116617126464355
市销率PS(TTM),26,29,6,0.26352926731109627,41.116617126464355
市销率PS(TTM),27,45,2,0.26352926731109627,41.116617126464355
市销率PS(TTM),28,37,5,0.26352926731109627,41.116617126464355
市销率PS(TTM),29,30,4,0.26352926731109627,41.116617126464355
市销率PS(TTM),30,32,3,0.26352926731109627,41.116617126464355
市现率PCF(经营性现金流TTM),1,15,15,-961.4040069580082,1913.8632702636705
市现率PCF(经营性现金流TTM),2,15,15,-1891.5226916503912,1017.7717883300749
市现率PCF(经营性现金流TTM),3,15,15,-1381.7217834472688,1180.853057861331
市现率PCF(经营性现金流TTM),4,15,15,-937.4629321289065,887.362554321289
市现率PCF(经营性现金流TTM),5,15,15,-586.4397790527347,1246.7503942871112
市现率PCF(经营性现金流TTM),6,15,15,-1279.3234375000025,1171.8111779785133
市现率PCF(经营性现金流TTM),7,15,15,-1134.0938183593776,1152.1226464843774
市现率PCF(经营性现金流TTM),8,15,15,-1313.3647033691386,624.1299835205076
市现率PCF(经营性现金流TTM),9,15,15,-1419.9450805664048,708.5381512451168
市现率PCF(经营性现金流TTM),10,15,15,-712.3010504150393,699.4062725830066
市现率PCF(经营性现金流TTM),11,15,15,-486.4786724853519,842.3991949462882
市现率PCF(经营性现金流TTM),12,15,15,-491.711776123047,602.0029513549779
市现率PCF(经营性现金流TTM),13,15,15,-714.7651104736328,803.6749444580053
市现率PCF(经营性现金流TTM),14,15,15,-1002.8611553955068,778.4163861083981
市现率PCF(经营性现金流TTM),15,15,15,-1020.6117608642606,914.014088745116
市现率PCF(经营性现金流TTM),16,15,15,-1201.058505859377,383.1527621459951
市现率PCF(经营性现金流TTM),17,15,15,-673.4473474121097,354.2104980468753
市现率PCF(经营性现金流TTM),18,15,15,-802.0277416992192,911.2633618164025
市现率PCF(经营性现金流TTM),19,15,15,-407.7744995117185,505.06462341308577
市现率PCF(经营性现金流TTM),20,15,15,-609.6602984619143,913.2309399414053
市现率PCF(经营性现金流TTM),21,15,15,-591.3122064208984,653.1614648437496
市现率PCF(经营性现金流TTM),22,11,15,-1014.3235766601549,891.5302081298851
市现率PCF(经营性现金流TTM),23,9,22,-1014.3235766601549,891.5302081298851
市现率PCF(经营性现金流TTM),24,7,6,-1014.3235766601549,891.5302081298851
市现率PCF(经营性现金流TTM),25,5,8,-1014.3235766601549,891.5302081298851
市现率PCF(经营性现金流TTM),26,9,14,-1014.3235766601549,891.5302081298851
市现率PCF(经营性现金流TTM),27,7,15,-1014.3235766601549,891.5302081298851
市现率PCF(经营性现金流TTM),28,9,10,-1014.3235766601549,891.5302081298851
市现率PCF(经营性现金流TTM),29,11,10,-1014.3235766601549,891.5302081298851
市现率PCF(经营性现金流TTM),30,8,11,-1014.3235766601549,891.5302081298851
