preference_function,q,p,sigma,split,mean_rankic,top10_annualized_return,top20_annualized_return,top30_annualized_return,top10_sharpe,top20_sharpe,top30_sharpe,alpha,beta,max_drawdown,turnover,rating_separation,avg_net_flow_std,avg_top20_overlap_with_selected,selected_as_final,reason
usual,,,,all,,-0.045175292157990876,0.01514305435117258,-0.005421955844887694,-0.17967633364555882,0.060880805129759435,-0.021828516812140614,-0.10246797392260318,1.1770342807256475,-0.32131823404114856,0.7361111111111115,,0.2773441007547922,,False,Sensitivity comparison only; test metrics were not used to select the final preference function.
usual,,,,test,-0.16418984349892354,-0.2519469283183151,-0.19032465981554558,-0.19184384235740848,-1.7039782911429782,-0.9571728068614869,-1.0051080883108965,-0.21550486812100794,1.2253350789196165,-0.2264284683024732,0.9000000000000004,-6.156685303056532,0.2773441007547922,0.4,False,Sensitivity comparison only; test metrics were not used to select the final preference function.
usual,,,,train,-0.026915366872100888,0.13712198386932695,0.17923955578085882,0.15387172024277374,0.4929110056223811,0.6743820356937728,0.582880468652877,0.02585815294613439,1.1309583562792478,-0.08508693494770037,0.7277777777777781,0.04622262717907022,0.2773441007547922,0.5277777777777778,False,Sensitivity comparison only; test metrics were not used to select the final preference function.
usual,,,,valid,-0.12872475899561636,-0.12567070462789998,-0.03865474594183216,-0.07710699276336586,-0.476564703192561,-0.14781571132161073,-0.2774085081709832,-0.22292598042212036,1.1106025995532882,-0.1904047536136334,0.5500000000000002,-8.423829425796091,0.2773441007547922,0.55,False,Sensitivity comparison only; test metrics were not used to select the final preference function.
u_shape,0.05,,,all,,-0.0937383477937056,-0.04264653250186812,-0.024522384316131407,-0.3936548818848598,-0.16874859099456896,-0.10059737936302543,-0.15080983584438867,1.1041692359308735,-0.44322759921705046,0.6250000000000002,,0.22786206734667058,,False,Sensitivity comparison only; test metrics were not used to select the final preference function.
u_shape,0.05,,,test,-0.1544254799491785,-0.22169245186995556,-0.2337661705157985,-0.23383597819669577,-2.0553199439002237,-1.778215916386796,-1.58626981086223,-0.2653122260427731,0.7000247081546539,-0.2218793496844681,0.7300000000000002,-5.800921207784894,0.22786206734667058,0.67,False,Sensitivity comparison only; test metrics were not used to select the final preference function.
u_shape,0.05,,,train,-0.016563915650678895,0.03670846077873313,0.18898606026256948,0.18583276498483703,0.13139213200246252,0.7172910033781452,0.7295488466469648,0.0029132741214321634,1.3382016652541975,-0.06439598108248934,0.6611111111111113,0.5325575400806768,0.22786206734667058,0.6555555555555556,False,Sensitivity comparison only; test metrics were not used to select the final preference function.
u_shape,0.05,,,valid,-0.11925396732830579,-0.19001921477866734,-0.22334874877746735,-0.14979639833688674,-0.7283823807236911,-0.7817984992537451,-0.5535749357131573,-0.39169678949612163,0.9443132616055764,-0.21792192657726828,0.4125000000000001,-7.52501923150344,0.22786206734667058,0.8375,False,Sensitivity comparison only; test metrics were not used to select the final preference function.
v_shape,0.0,0.25,,all,,-0.04473424347127064,-0.057703570538431115,-0.022479843716108783,-0.17266660777117135,-0.22301198623900992,-0.09445633498392833,-0.17337135997125847,1.168340320979487,-0.4178619630796899,0.5277777777777779,,0.1675350609549603,,False,Sensitivity comparison only; test metrics were not used to select the final preference function.
v_shape,0.0,0.25,,test,-0.1513473810204439,-0.2191557514021929,-0.24905232572538727,-0.2324494857751439,-1.706069854613038,-2.2965865420761853,-1.864765029419008,-0.28393373998902205,0.5888885435371237,-0.22208031134951012,0.6200000000000002,-5.936912431101925,0.1675350609549603,0.9,False,Sensitivity comparison only; test metrics were not used to select the final preference function.
v_shape,0.0,0.25,,train,-0.00558996908280213,0.14711855397698415,0.12929652066979402,0.16405228842889752,0.5072203774461569,0.4530057226402038,0.6555606997368522,-0.07230646451602116,1.5160046881498568,-0.08273719182209183,0.5444444444444446,0.7199641604997966,0.1675350609549603,0.9222222222222223,False,Sensitivity comparison only; test metrics were not used to select the final preference function.
v_shape,0.0,0.25,,valid,-0.11662127183496085,-0.1857931723164994,-0.16725145743680847,-0.10722106078091509,-0.6576554788972908,-0.5514167556358285,-0.37716162386546054,-0.319541887786223,0.9296374658067057,-0.2101096829301724,0.37500000000000006,-7.307810927081251,0.1675350609549603,0.9375,False,Sensitivity comparison only; test metrics were not used to select the final preference function.
level,0.05,0.25,,all,,-0.08031606578679407,-0.04865533475515027,-0.0247863638756195,-0.32074231945596904,-0.1894274600907517,-0.10574775902281096,-0.17129130984651428,1.2274086874150614,-0.40900451623577994,0.5111111111111112,,0.15996074711904076,,False,Sensitivity comparison only; test metrics were not used to select the final preference function.
level,0.05,0.25,,test,-0.15124713522688146,-0.24780646258550454,-0.2285351159502259,-0.2370157291473991,-2.1844678906597297,-1.8002836150582342,-2.1176859688894005,-0.26006499533040545,0.7379835145483221,-0.1964564483330935,0.6300000000000002,-6.203556490138941,0.15996074711904076,0.8699999999999999,False,Sensitivity comparison only; test metrics were not used to select the final preference function.
level,0.05,0.25,,train,-0.008422940637311945,0.07518914810458677,0.1433887755754153,0.16991314471716135,0.2641444214314746,0.5071486998706269,0.6804005640583433,-0.0729792644487881,1.6051852615628441,-0.12273430383735395,0.5388888888888891,0.9484199132463593,0.15996074711904076,0.8722222222222222,False,Sensitivity comparison only; test metrics were not used to select the final preference function.
level,0.05,0.25,,valid,-0.11420192676797684,-0.16800495542003746,-0.18259185832235003,-0.12004833733665854,-0.5917173951301855,-0.6274671394666543,-0.44757772827180214,-0.3419487513776913,0.9406197131356567,-0.20695035736145795,0.30000000000000004,-7.800895938773233,0.15996074711904076,0.9375,False,Sensitivity comparison only; test metrics were not used to select the final preference function.
linear,0.05,0.25,,all,,-0.023330943919409486,-0.04354408479942429,-0.00631608275921447,-0.09096750863534739,-0.17750173191297222,-0.027996363610353653,-0.15665665696890665,1.1300166177559947,-0.41148842933601537,0.5055555555555558,,0.15379611112380281,,True,Final PROMETHEE preference function from validation-selected optimized configuration.
linear,0.05,0.25,,test,-0.14302200794332265,-0.20637969558102653,-0.23916588985603338,-0.21541048102234406,-1.753077633136782,-2.412062468267911,-1.966795688982539,-0.2725390917366802,0.5880639093066767,-0.19988965173033213,0.5900000000000002,-5.908435903927734,0.15379611112380281,1.0,True,Final PROMETHEE preference function from validation-selected optimized configuration.
linear,0.05,0.25,,train,-0.0009116144086175787,0.17916097816167875,0.15787325699666854,0.19200466091702495,0.6236086350208263,0.599667353007755,0.8299949042899412,-0.042391559160931264,1.4589747258397583,-0.08001723283611839,0.5444444444444446,1.0804103403187617,0.15379611112380281,1.0,True,Final PROMETHEE preference function from validation-selected optimized configuration.
linear,0.05,0.25,,valid,-0.10548317682145628,-0.171470471006961,-0.17178605762911492,-0.11347977017064304,-0.6218175915411445,-0.5921301020772152,-0.41470886948756147,-0.32129593916979327,0.8953119784826997,-0.20075614751694537,0.3125,-6.708846033144418,0.15379611112380281,1.0,True,Final PROMETHEE preference function from validation-selected optimized configuration.
gaussian,,,0.2,all,,-0.0615030845625385,-0.022881451063581193,-0.02015012895017887,-0.22626947845387682,-0.1001208262897041,-0.09242958953787862,-0.13920228507580223,1.134528040292494,-0.3564370335842393,0.4277777777777779,,0.12087135974875521,,False,Sensitivity comparison only; test metrics were not used to select the final preference function.
gaussian,,,0.2,test,-0.14031159367372217,-0.23175940501400472,-0.20182952761830553,-0.20233405444082775,-1.7842843004280287,-1.8160633650714157,-1.4372890844907982,-0.22758671575012382,0.6392532862988447,-0.1760107782615432,0.6200000000000003,-5.8507198052691765,0.12087135974875521,0.8099999999999999,False,Sensitivity comparison only; test metrics were not used to select the final preference function.
gaussian,,,0.2,train,0.0020392615996443226,0.10984158732373284,0.16135544952497827,0.13738936321059936,0.353069804324948,0.654377817025953,0.6319310936367919,-0.04958430268963254,1.5103688288974324,-0.08157460849105991,0.39444444444444454,1.2171489056540863,0.12087135974875521,0.7777777777777778,False,Sensitivity comparison only; test metrics were not used to select the final preference function.
gaussian,,,0.2,valid,-0.10214646354379824,-0.1735073031684834,-0.14695592057584905,-0.09396286204939408,-0.5767991789566456,-0.5593206247361363,-0.3328005278139134,-0.2899460840760868,0.847597671311916,-0.18645086105489161,0.2625,-7.0107156124717065,0.12087135974875521,0.875,False,Sensitivity comparison only; test metrics were not used to select the final preference function.
