experiment_id,quarter_idx,rolling_window_start,rolling_window_end,step,selected_feature,coefficient,residual_correlation,train_r2,train_rankic,marginal_improvement
sw_009,13,1,12,1,composite_净资产收益率_TTM_x_bm,-3.128647444868855,0.0861624019582948,0.007423959511222766,0.10670775679906049,0.007423959511222722
sw_009,13,1,12,2,composite_流通市值_x_itgr,2.677406577338695,0.07357517222318165,0.012828642243062127,0.13384380630371262,0.0054451069856350474
sw_009,13,1,12,3,composite_市净率PB_LF_x_ntis,-2.565456832894616,0.07035869880402604,0.017766755230916087,0.16088827598192604,0.005002285519177156
sw_009,13,1,12,4,composite_销售毛利率_TTM_x_dp,-2.223726652037601,0.06163879471505451,0.02150822811096753,0.1786793592899678,0.003809149099744673
sw_009,13,1,12,5,composite_净资产收益率_TTM_x_itgr,2.189748344745528,0.0491218793698688,0.02443918959167024,0.1848891365237226,0.0029953869464270726
sw_009,13,1,12,6,composite_总市值_证监会算法_x_ntis,-1.9971386165910994,0.04716675544595929,0.02699965182740449,0.18238095942717067,0.0026246054663292256
sw_009,13,1,12,7,composite_流通市值_x_bm,-3.080238637576077,0.04680444290117797,0.03091539605357685,0.19669409394038792,0.004024401670078059
sw_009,13,1,12,8,composite_经营活动产生的现金流量净额_营业收入_TTM_x_ntis,1.1681120823022277,0.031245295329266655,0.03190498913487794,0.20229003281289112,0.00102116273158306
sw_009,13,1,12,9,composite_市销率PS_TTM_x_infl,1.3270427974068029,0.031092066474856513,0.03302210974852271,0.208024776990273,0.0011539369598098997
sw_009,13,1,12,10,composite_总资产周转率_TTM_x_infl,2.0714902769324173,0.03614735805201583,0.03504909283129709,0.21232885120077355,0.002096204166826617
sw_009,13,1,12,11,composite_市销率PS_TTM_x_m2gr,-1.3347697931316698,0.03579872945243125,0.03634054528853159,0.21949700426366908,0.0013383607887615663
sw_009,13,1,12,12,composite_总资产周转率_TTM_x_ntis,1.3771596604353518,0.02587530194788133,0.03730355520230011,0.22111741226336804,0.0009993259642296524
sw_009,14,2,13,1,composite_净资产收益率_TTM_x_bm,-2.557081392612307,0.07196252973994435,0.005178605686572246,0.09063927383068211,0.005178605686572264
sw_009,14,2,13,2,composite_市净率PB_LF_x_ntis,-2.543851008185218,0.07125423112996743,0.010266573783547228,0.13032887864806303,0.005114453836697406
sw_009,14,2,13,3,composite_净资产收益率_TTM_x_itgr,2.506945303858886,0.06936960024195545,0.015137264735318068,0.14680136240134278,0.004921214968348085
sw_009,14,2,13,4,composite_净资产收益率_TTM_x_dp,-2.340989870264291,0.06629247402221142,0.01947300569110766,0.1585826201827331,0.004402380961875154
sw_009,14,2,13,5,composite_流通市值_x_mtr,1.6105411546069528,0.04424319035973038,0.02145777095261714,0.16134923336943832,0.0020241821724739134
sw_009,14,2,13,6,composite_流通市值_x_itgr,2.0795968520026613,0.04508865559511889,0.02406761902457144,0.17074244099771294,0.002667077612475661
sw_009,14,2,13,7,composite_市销率PS_TTM_x_m2gr,-1.3792075875870788,0.03916794265689553,0.02556833182391527,0.17961039468604453,0.0015377221092346429
sw_009,14,2,13,8,composite_流通市值_x_dp,-1.5158977103906108,0.03586422170182032,0.027078834881584468,0.1914009040927004,0.0015501374873175277
sw_009,14,2,13,9,composite_流通市值_x_tms,-3.3866019829717957,0.0396985678534031,0.03080740182090791,0.20879191780666823,0.003832342303777167
sw_009,14,2,13,10,composite_流通市值_x_m2gr,1.802503896268818,0.033990104429260225,0.03250500142417634,0.21341638603541718,0.0017515606355824934
sw_009,14,2,13,11,composite_经营活动产生的现金流量净额_营业收入_TTM_x_ntis,1.1154843514989317,0.03045385774396948,0.03344560379696404,0.2175090154240293,0.0009722038606631219
sw_009,14,2,13,12,composite_市销率PS_TTM_x_infl,1.3182301932774934,0.030994821933591935,0.03457513153147507,0.2229050103316843,0.0011686126915859763
sw_009,15,3,14,1,composite_总市值_证监会算法_x_bm,-2.870820935718582,0.08075221137736228,0.006520919642334255,0.10303405569306143,0.006520919642334219
sw_009,15,3,14,2,composite_市净率PB_LF_x_ntis,-2.0383174542241824,0.05746129843649391,0.009805033971985955,0.1236419538218939,0.003305670340304912
sw_009,15,3,14,3,composite_总资产报酬率_TTM_x_svar,-1.8616865838726606,0.05016311486396424,0.01241832317761149,0.14467278138983306,0.002639166321061283
sw_009,15,3,14,4,composite_流通市值_x_mtr,1.9008687974049583,0.051621339987545624,0.015159692771515854,0.15392154478358136,0.0027758408830801085
sw_009,15,3,14,5,composite_销售净利率_TTM_x_m2gr,-1.819223417057841,0.049938675349084465,0.01769728675288529,0.16404436658185595,0.0025766552838506268
sw_009,15,3,14,6,composite_净资产收益率_TTM_x_dp,-1.593934561847832,0.04474590180870373,0.01968652973087348,0.17392793036385218,0.0020250814246583915
sw_009,15,3,14,7,composite_销售毛利率_TTM_x_dp,-1.1773930712778657,0.029689589845020865,0.020660289798712927,0.1779050607634703,0.0009933149929808357
sw_009,15,3,14,8,composite_经营活动净收益_利润总额_TTM_x_ep,-0.963770291133799,0.026170456297950333,0.021361855195544677,0.17792356628538908,0.0007163657202131961
sw_009,15,3,14,9,composite_净资产收益率_TTM_x_itgr,1.0347947819872483,0.02399051198121444,0.022052966176494104,0.1766567885438869,0.0007061966515596223
sw_009,15,3,14,10,composite_经营活动产生的现金流量净额_营业收入_TTM_x_svar,-0.8538644052764751,0.0213816535840517,0.022560819852325276,0.17880078099711375,0.0005193059115334544
sw_009,15,3,14,11,composite_市销率PS_TTM_x_ntis,-1.1531450512282528,0.020715523637726625,0.023225091338597292,0.1818097736016784,0.0006796039076023641
sw_009,15,3,14,12,composite_销售毛利率_TTM_x_bm,-1.0925539071930326,0.02337144557673191,0.02393484305867921,0.1834503024523486,0.0007266277151350926
sw_009,16,4,15,1,composite_总市值_证监会算法_x_bm,-3.3846869217927704,0.09433152140369759,0.008898435930336013,0.1186140882928895,0.008898435930336013
sw_009,16,4,15,2,composite_净资产收益率_TTM_x_svar,-2.7393390165025227,0.0756990377334409,0.014651715797915688,0.15365089390868628,0.005804934707151009
sw_009,16,4,15,3,composite_市净率PB_LF_x_ntis,-2.120513372813784,0.05875244234991754,0.018099052729383835,0.16536859902176626,0.0034985973860600355
sw_009,16,4,15,4,composite_总资产报酬率_TTM_x_infl,1.4679508682435884,0.036843986324015754,0.019593155331557366,0.16848102590381106,0.0015216428972053136
sw_009,16,4,15,5,composite_销售净利率_TTM_x_m2gr,-1.3795453294135418,0.03652291616555685,0.020984757140970367,0.17345787378572824,0.001419412580583994
sw_009,16,4,15,6,composite_销售毛利率_TTM_x_bm,-1.342851645315262,0.03314781871086063,0.022212209162405294,0.17847692465428622,0.0012537619106423189
sw_009,16,4,15,7,composite_总市值_证监会算法_x_tms,1.0974628312225823,0.026705430604153712,0.023019693998791557,0.1822208689562764,0.0008258283074844184
sw_009,16,4,15,8,composite_流通市值_x_dp,1.3106411655687484,0.024346604608426636,0.023899139476515563,0.18169836951179602,0.0009001670477100586
sw_009,16,4,15,9,composite_经营活动产生的现金流量净额_营业收入_TTM_x_m2gr,-0.9052084236425754,0.021854441521538148,0.0244443325231245,0.1845525300143509,0.0005585417129092357
sw_009,16,4,15,10,composite_市销率PS_TTM_x_tms,0.7916482574303437,0.019459552017054422,0.024868210422131054,0.1860226927371561,0.0004344989354660178
sw_009,16,4,15,11,composite_总资产周转率_TTM_x_ep,-0.769586884120074,0.019060642302181675,0.025272151879622173,0.18635446317375723,0.0004142429380401611
sw_009,16,4,15,12,composite_总资产周转率_TTM_x_m2gr,-0.851498049358402,0.01758017829071584,0.02568436419209741,0.1873767863966494,0.0004228999030551826
sw_009,17,5,16,1,composite_流通市值_x_bm,-3.06815436270951,0.08375225411489416,0.0070144400693258335,0.10529012399666207,0.0070144400693257876
sw_009,17,5,16,2,composite_净资产收益率_TTM_x_svar,-2.8172152295422954,0.07696071905470735,0.0129141645956522,0.1450594874494215,0.005941400121405868
sw_009,17,5,16,3,composite_市净率PB_LF_x_itgr,-1.7670202647698314,0.04832721002456688,0.0152313204270772,0.15064440403208598,0.002347471464298542
sw_009,17,5,16,4,composite_总资产报酬率_TTM_x_infl,1.551092720358056,0.040935030406734914,0.016952215004766735,0.15427945121829226,0.0017475114850686254
sw_009,17,5,16,5,composite_销售净利率_TTM_x_m2gr,-1.6744025169213486,0.04073970719976983,0.01880041167017288,0.16319192573064428,0.0018800679820616803
sw_009,17,5,16,6,composite_销售毛利率_TTM_x_dp,-1.0903954027095761,0.028787892721337267,0.019649712276763487,0.16705804502317032,0.0008655737494104277
sw_009,17,5,16,7,composite_流通市值_x_mtr,1.1103135584355,0.025047062568903482,0.020401244172538302,0.17124573573473983,0.0007665952723083529
sw_009,17,5,16,8,composite_经营活动净收益_利润总额_TTM_x_bm,-0.9409799005683026,0.024328990995123253,0.021019084276388433,0.17052795020155148,0.0006307073178428624
sw_009,17,5,16,9,composite_销售毛利率_TTM_x_svar,-0.9441037990013488,0.0229634065579567,0.021604601916977773,0.1744885170970025,0.0005980889220465965
sw_009,17,5,16,10,composite_经营活动净收益_利润总额_TTM_x_dp,0.8419092729067127,0.020885635961913767,0.022079127474805782,0.17419852185618268,0.0004850038734418872
sw_009,17,5,16,11,composite_经营活动净收益_利润总额_TTM_x_infl,1.1592632870773767,0.02065094755556578,0.022724626134179804,0.17431287043446783,0.0006600724838884518
sw_009,17,5,16,12,composite_总资产周转率_TTM_x_m2gr,-0.8397404809723611,0.021517487797065048,0.023212706437665598,0.17641811745782834,0.0004994296556917542
sw_009,18,6,17,1,composite_净资产收益率_TTM_x_m2gr,-3.347655274593108,0.0890493271180931,0.00792978266018518,0.11156720406146023,0.007929782660185148
sw_009,18,6,17,2,composite_净资产收益率_TTM_x_ep,-2.987248345699718,0.059805544395646205,0.012662716465864476,0.11827896140961497,0.004770764934734573
sw_009,18,6,17,3,composite_市净率PB_LF_x_itgr,-2.103327665691385,0.056131706808475644,0.015781873320307782,0.12314593340047708,0.003159160406946732
sw_009,18,6,17,4,composite_流通市值_x_bm,-2.1673753496762718,0.05498173207028168,0.018921267131874253,0.15156549007384526,0.0031897337861042092
sw_009,18,6,17,5,composite_流通市值_x_ntis,-2.0413228764801814,0.038894261759817486,0.021012308132495106,0.1581141913930262,0.0021313692067382686
sw_009,18,6,17,6,composite_销售毛利率_TTM_x_m2gr,-1.53129823557542,0.0369248679159963,0.022500392372169387,0.16145016092407494,0.0015200234405762726
sw_009,18,6,17,7,composite_市销率PS_TTM_x_dp,-1.200615525136223,0.03171337520078439,0.02350112483821787,0.16620349416968766,0.0010237676396381882
sw_009,18,6,17,8,composite_经营活动净收益_利润总额_TTM_x_ep,-1.2202810469054886,0.028577000004959757,0.02441598187770433,0.16547585724474853,0.0009368746475360649
sw_009,18,6,17,9,composite_总资产报酬率_TTM_x_bm,-1.5348098763345022,0.027362825859218818,0.025518989310469142,0.1669045759128422,0.001130612445750956
sw_009,18,6,17,10,composite_经营活动产生的现金流量净额_营业收入_TTM_x_m2gr,-1.112376038046651,0.024676272892096472,0.02623981436544831,0.17078327677912505,0.0007397014893795897
sw_009,18,6,17,11,composite_市盈率PE_TTM_x_dp,-1.0202836311550698,0.024874990258614605,0.026905974784266595,0.17146921269233326,0.0006841113742847369
sw_009,18,6,17,12,composite_市净率PB_LF_x_mtr,0.9855188234591987,0.022870653939337123,0.02749683826826055,0.17492398188435718,0.000607200813778465
sw_009,19,7,18,1,composite_净资产收益率_TTM_x_m2gr,-3.4011330598663747,0.08715602256884938,0.007596172270021739,0.10963594729627747,0.0075961722700217775
sw_009,19,7,18,2,composite_流通市值_x_mtr,2.5628940284956063,0.06220735537730331,0.011662931302109936,0.12035407934676864,0.004097887289885222
sw_009,19,7,18,3,composite_市净率PB_LF_x_infl,1.8147449115893355,0.04654130781194389,0.013803954441261923,0.12885624555272887,0.0021662884120827197
sw_009,19,7,18,4,composite_经营活动净收益_利润总额_TTM_x_ep,-1.7238886527410782,0.04247185603215686,0.015662816794977164,0.13314424987705809,0.0018848811674783252
sw_009,19,7,18,5,composite_流通市值_x_bm,-1.5065040670838306,0.03723283805260857,0.01708554495419301,0.14722925046734842,0.0014453666726104767
sw_009,19,7,18,6,composite_净资产收益率_TTM_x_itgr,-1.7001556858872717,0.03804710027800193,0.01872880798078347,0.15829933129573703,0.001671827103726795
sw_009,19,7,18,7,composite_销售毛利率_TTM_x_m2gr,-1.3948030401645148,0.03222065211829585,0.019869513096691938,0.1617230067167807,0.0011624769229810479
sw_009,19,7,18,8,composite_市盈率PE_TTM_x_dp,-1.228939847129053,0.030654716192000286,0.020825226356100734,0.16252908698385954,0.0009750877788001877
sw_009,19,7,18,9,composite_流通市值_x_m2gr,-1.923755086876445,0.02941419494297641,0.022258067282622918,0.16612222045665015,0.0014633147882170143
sw_009,19,7,18,10,composite_经营活动产生的现金流量净额_营业利润_TTM_x_m2gr,-0.9972485471185919,0.025349446902326107,0.022898663859758916,0.16497614327908888,0.0006551796089543179
sw_009,19,7,18,11,composite_总资产报酬率_TTM_x_bm,-1.7135421136008677,0.02417698469132042,0.023947675294980764,0.1677115249704452,0.001073595333894052
sw_009,19,7,18,12,composite_市销率PS_TTM_x_ntis,-1.0800160155930953,0.025127992705218854,0.024634362203447724,0.1661423271328273,0.0007035349346403563
sw_009,20,8,19,1,composite_净资产收益率_TTM_x_m2gr,-2.5419755184157604,0.06278164917523409,0.003941535473162228,0.0800749652665666,0.003941535473162277
sw_009,20,8,19,2,composite_流通市值_x_infl,2.528032546055206,0.0624074054667429,0.007822045062333416,0.10487053493877659,0.0038958652803724233
sw_009,20,8,19,3,composite_净资产收益率_TTM_x_ntis,-2.122376244036778,0.048534004196109135,0.01035589717414609,0.12423447664677877,0.002553828271634878
sw_009,20,8,19,4,composite_销售毛利率_TTM_x_dp,-1.9248858257371144,0.04693618587145878,0.01257476600400742,0.138186393231936,0.00224208765911452
sw_009,20,8,19,5,composite_经营活动净收益_利润总额_TTM_x_ep,-1.5794050661235164,0.038059396442715186,0.014045990050003732,0.13619707029135925,0.0014899599436429443
sw_009,20,8,19,6,composite_市盈率PE_TTM_x_infl,1.101315474238501,0.02695477523530154,0.014773469565570574,0.1366744592209657,0.0007378432545791196
sw_009,20,8,19,7,composite_市净率PB_LF_x_ep,-1.0314826597096625,0.024663243131977812,0.015396253231738766,0.13915043854966513,0.0006321223058148288
sw_009,20,8,19,8,composite_销售毛利率_TTM_x_svar,-1.0509253243812016,0.0248317687668773,0.016034096788866692,0.14487180190043114,0.000647817519709388
sw_009,20,8,19,9,composite_流通市值_x_mtr,1.2701112551484612,0.02464422982891979,0.0168004546696634,0.143891631487277,0.0007788459725033706
sw_009,20,8,19,10,composite_市现率PCF_经营性现金流TTM_x_m2gr,-0.8905299763346268,0.021714430045819934,0.01727404722922954,0.14423795399663766,0.0004816850880531323
sw_009,20,8,19,11,composite_总市值_证监会算法_x_bm,-0.9579144017812841,0.021588400658142323,0.01777870422768346,0.14904950738752357,0.0005135277002006188
sw_009,20,8,19,12,composite_净资产收益率_TTM_x_svar,-0.9838081010683083,0.020245211945579305,0.01826572439380858,0.15583629134059887,0.0004958354784420063
sw_009,21,9,20,1,composite_净资产收益率_TTM_x_ntis,-2.9363621660867243,0.07159663194240858,0.005126077705496779,0.08858468930795485,0.005126077705496783
sw_009,21,9,20,2,composite_流通市值_x_infl,2.3517852489789735,0.05601815370075228,0.00832580723881915,0.10663261696964421,0.003216216107004591
sw_009,21,9,20,3,composite_销售毛利率_TTM_x_m2gr,-2.0691688673876625,0.050472176737541334,0.010861564504385135,0.12364216138035435,0.002557046743855917
sw_009,21,9,20,4,composite_市净率PB_LF_x_ep,-1.8533390505539433,0.045251699770551455,0.012892747720561037,0.1354217784015016,0.0020534873009541306
sw_009,21,9,20,5,composite_总资产周转率_TTM_x_m2gr,-1.8628161384253326,0.04158850201215782,0.014769487495812417,0.1432992223325069,0.001901252139438371
sw_009,21,9,20,6,composite_经营活动净收益_利润总额_TTM_x_ep,-1.3646413053586512,0.03266886519770734,0.01584542265030997,0.14367436745010487,0.001092064385788096
sw_009,21,9,20,7,composite_市净率PB_LF_x_m2gr,-1.4384544185284092,0.030919060960569233,0.016920510364426322,0.14797550919198718,0.0010923972096045604
sw_009,21,9,20,8,composite_市销率PS_TTM_x_itgr,-1.2128084066470293,0.02949793816696479,0.01778466742544016,0.14883750591080852,0.0008790307092401643
sw_009,21,9,20,9,composite_净资产收益率_TTM_x_itgr,3.8032254274313373,0.026675538908508434,0.020236157069701832,0.1568899197916903,0.002495878004506272
sw_009,21,9,20,10,composite_市盈率PE_TTM_x_svar,0.9718794644530024,0.023068498734806132,0.0207764722811975,0.15796754889739092,0.0005514749451048528
sw_009,21,9,20,11,composite_经营活动产生的现金流量净额_营业利润_TTM_x_m2gr,-0.8617801342327106,0.020411700196382568,0.021200937007606835,0.1587221297938769,0.0004334707187827668
sw_009,21,9,20,12,composite_流通市值_x_tms,0.8869101322607523,0.019577282379739953,0.02161755211112326,0.1593288736918054,0.00042563905020794203
sw_009,22,10,21,1,composite_净资产收益率_TTM_x_ntis,-3.3479239902383418,0.07980988192933951,0.006369617253574877,0.10006001543119507,0.006369617253574917
sw_009,22,10,21,2,composite_市销率PS_TTM_x_infl,1.9509718965481426,0.046489665577818855,0.00851716223933674,0.10884000835405426,0.0021613117141466467
sw_009,22,10,21,3,composite_销售毛利率_TTM_x_m2gr,-1.6988333251445324,0.04046055941068317,0.010148597790716307,0.1174682474556996,0.0016454501169826314
sw_009,22,10,21,4,composite_流通市值_x_itgr,-1.8352087772819192,0.03987128553237362,0.01188237879287668,0.12674733240882854,0.0017515568481194744
sw_009,22,10,21,5,composite_市净率PB_LF_x_svar,1.5180332038169586,0.0348309343645806,0.013130744594307742,0.13396115446769094,0.0012633777342276236
sw_009,22,10,21,6,composite_市盈率PE_TTM_x_m2gr,-1.2010131972413478,0.02853830117432637,0.01394246782802333,0.1326153127109324,0.000822523580777639
sw_009,22,10,21,7,composite_流通市值_x_svar,1.1300442454527013,0.025554566822302036,0.014623542521535082,0.13257259250496542,0.0006907048232890952
sw_009,22,10,21,8,composite_净资产收益率_TTM_x_ep,1.6240977590165178,0.032985620660884354,0.015891142010666215,0.14136769063890545,0.0012864113806562974
sw_009,22,10,21,9,composite_经营活动净收益_利润总额_TTM_x_mtr,1.2709674134361344,0.028033901909372907,0.016731047383142683,0.142652926756339,0.0008534679529178396
sw_009,22,10,21,10,composite_市销率PS_TTM_x_ep,-1.4019481723432317,0.02538556627896614,0.01757115484134275,0.14668708681737633,0.0008544025070295003
sw_009,22,10,21,11,composite_总资产周转率_TTM_x_svar,1.6547762396261143,0.029234932696347405,0.018711370222418644,0.1480896255718733,0.001160608614755901
sw_009,22,10,21,12,composite_总市值_证监会算法_x_m2gr,1.1035084063505802,0.024381350145865396,0.019346419797418246,0.1528931941421864,0.000647158802954433
sw_009,23,11,22,1,composite_净资产收益率_TTM_x_ntis,-3.402026674289784,0.07770835991084421,0.006038589200033528,0.0951682651602925,0.0060385892000335
sw_009,23,11,22,2,composite_市净率PB_LF_x_svar,2.6409478370407795,0.06019003567141061,0.009646270354122466,0.12693452110041972,0.0036295988102650915
sw_009,23,11,22,3,composite_流通市值_x_itgr,-2.0071188760735814,0.043720205765721235,0.011639457089715144,0.13811909653050788,0.0020126008272875855
sw_009,23,11,22,4,composite_市净率PB_LF_x_m2gr,-1.8565968575196552,0.04253437764958577,0.01343173638610573,0.14136803164492515,0.00181338612639588
sw_009,23,11,22,5,composite_销售毛利率_TTM_x_dp,-1.6619798564257937,0.037392924603745596,0.01484096295698989,0.14791869989766676,0.0014284126328187223
sw_009,23,11,22,6,composite_销售毛利率_TTM_x_itgr,-1.8899758443560546,0.04029587345694478,0.016566418011407236,0.15349428559177455,0.001751448232760889
sw_009,23,11,22,7,composite_净资产收益率_TTM_x_ep,1.3027777645021608,0.027982783194484735,0.017392116499262977,0.15886038755023646,0.0008396077813268752
sw_009,23,11,22,8,composite_流通市值_x_svar,1.550917631937558,0.03031214843956467,0.01845405880457751,0.16118224287659003,0.0010807386376049674
sw_009,23,11,22,9,composite_经营活动净收益_利润总额_TTM_x_mtr,1.2445181465187802,0.0269305035607226,0.019209795726841228,0.16159175768560927,0.0007699455425829156
sw_009,23,11,22,10,composite_销售毛利率_TTM_x_mtr,-1.2890374289959359,0.026551921253797427,0.019983348841956072,0.1664563353653825,0.0007887039570180458
sw_009,23,11,22,11,composite_总资产周转率_TTM_x_itgr,-1.2798520806868903,0.024278258032437206,0.02068546553870343,0.17015519510840513,0.0007164334360214557
sw_009,23,11,22,12,composite_经营活动产生的现金流量净额_营业收入_TTM_x_ntis,-1.2452089510073938,0.024736500127211132,0.021381704602302154,0.1714347309806322,0.0007109452980616342
sw_009,24,12,23,1,composite_净资产收益率_TTM_x_itgr,-2.9643331037380083,0.06546244228858175,0.004285331350385779,0.0865714442212249,0.004285331350385835
sw_009,24,12,23,2,composite_市净率PB_LF_x_svar,2.4979515734617337,0.055100418192960965,0.007309653481460288,0.11611124030259617,0.003037338131390677
sw_009,24,12,23,3,composite_市净率PB_LF_x_m2gr,-1.9470778960677857,0.04314062139450834,0.009157215410671826,0.12425813254657324,0.0018611664107453373
sw_009,24,12,23,4,composite_净资产收益率_TTM_x_ntis,-1.988560234073843,0.03869753641891588,0.010849172335972934,0.13680195525909927,0.0017075937289107214
sw_009,24,12,23,5,composite_总市值_证监会算法_x_itgr,-2.0467369307094234,0.036464956713523254,0.012487559330966014,0.14432680316075946,0.0016563570986057564
sw_009,24,12,23,6,composite_销售毛利率_TTM_x_de,-1.471339754103382,0.0318621696212157,0.013515995796465785,0.14883978200087272,0.0010414415283750444
sw_009,24,12,23,7,composite_市盈率PE_TTM_x_m2gr,-1.4154107565238785,0.028792392520062597,0.014410068976066559,0.14675757672522802,0.0009063230379722124
sw_009,24,12,23,8,composite_总市值_证监会算法_x_ntis,1.7739198105388063,0.027884893875791475,0.015493053475570062,0.15016972594411976,0.0010988185506100583
sw_009,24,12,23,9,composite_经营活动产生的现金流量净额_营业收入_TTM_x_ntis,-1.429903891182746,0.02858274180917206,0.01638876776200804,0.15273502435988096,0.0009098100217576312
sw_009,24,12,23,10,composite_销售毛利率_TTM_x_itgr,-1.1570881082932165,0.022509772637135834,0.01695899211927232,0.15323262446341285,0.0005797253412477034
sw_009,24,12,23,11,composite_总资产周转率_TTM_x_dp,-1.013851783533232,0.02042559987643003,0.017412265826628026,0.15403520319903477,0.0004610933864629811
sw_009,24,12,23,12,composite_净资产收益率_TTM_x_ep,1.230541704612111,0.02308225800126887,0.018034100190094215,0.15850589327765388,0.0006328537817433083
sw_009,25,13,24,1,composite_总市值_证监会算法_x_bm,3.5840082732262455,0.08298630649799711,0.006886727066179543,0.09747451408520331,0.006886727066179533
sw_009,25,13,24,2,composite_市净率PB_LF_x_svar,2.893071277433359,0.06706133499005111,0.011353945064079496,0.12983070062578675,0.004498195844974581
sw_009,25,13,24,3,composite_净资产收益率_TTM_x_ntis,-2.591489244625962,0.05913078324051415,0.01488366035070976,0.15802989221963726,0.0035702517286219314
sw_009,25,13,24,4,composite_流通市值_x_svar,2.344249909833686,0.05044362743028725,0.01759951935671411,0.1613275930030754,0.002756891644870275
sw_009,25,13,24,5,composite_流通市值_x_m2gr,1.8396452907531253,0.04056123457431698,0.019312138767362486,0.16968668134433332,0.0017433006644367354
sw_009,25,13,24,6,composite_市现率PCF_经营性现金流TTM_x_m2gr,-1.6723856986025263,0.038865715057931495,0.020803258663927515,0.173111194993496,0.0015204836885517848
sw_009,25,13,24,7,composite_市净率PB_LF_x_mtr,-1.6008303553609617,0.036449813277413035,0.022139452421033545,0.18396013516714887,0.0013645814989976931
sw_009,25,13,24,8,composite_市盈率PE_TTM_x_m2gr,-1.369123153354086,0.030291652244361943,0.023089516253233855,0.1839254574241306,0.0009715739473818985
sw_009,25,13,24,9,composite_销售毛利率_TTM_x_de,-1.2358583298287196,0.028192836730652447,0.02388685422371417,0.18566299902542258,0.0008161832468234797
sw_009,25,13,24,10,composite_销售毛利率_TTM_x_itgr,-1.258548045861997,0.027635598910362554,0.024682440854728482,0.18692430699738444,0.0008150557488718239
sw_009,25,13,24,11,composite_经营活动产生的现金流量净额_营业收入_TTM_x_ntis,-1.2797967158905716,0.02687342991905769,0.02546927454453951,0.18887543437702708,0.0008067461540429402
sw_009,25,13,24,12,composite_市净率PB_LF_x_de,1.5185534151723215,0.02414175459494995,0.026307306647723294,0.18830201819052989,0.0008599339982760502
sw_009,26,14,25,1,composite_总市值_证监会算法_x_bm,3.9788305047754196,0.09157965955660302,0.008386834044503133,0.1104073201289831,0.008386834044503171
sw_009,26,14,25,2,composite_市净率PB_LF_x_svar,3.014598969973262,0.06955413919825398,0.013186170529242536,0.13851341644456341,0.0048399281589961915
sw_009,26,14,25,3,composite_净资产收益率_TTM_x_ntis,-2.6344270892800057,0.059793135792483035,0.01678943170858538,0.1650002977052146,0.0036514092848448183
sw_009,26,14,25,4,composite_总市值_证监会算法_x_svar,2.7175941846400344,0.05810726956995378,0.020389789198747343,0.17010825005978958,0.003661837663541956
sw_009,26,14,25,5,composite_市销率PS_TTM_x_m2gr,-1.922823913897611,0.04413629679390569,0.022322974369417214,0.18064944139916425,0.001973422846510194
sw_009,26,14,25,6,composite_市净率PB_LF_x_itgr,-1.919562791541487,0.04193923886464066,0.02415513352259624,0.1866104749278393,0.0018739922337823074
sw_009,26,14,25,7,composite_销售净利率_TTM_x_itgr,-1.4393547754927065,0.028885981650943377,0.025100782032592694,0.18884790968130863,0.0009690561916977939
sw_009,26,14,25,8,composite_销售毛利率_TTM_x_de,-1.3535521031703661,0.02972183811371903,0.026014988278481033,0.19134745129406014,0.000937744362739767
sw_009,26,14,25,9,composite_市现率PCF_经营性现金流TTM_x_m2gr,-1.207657296142572,0.02394822550243922,0.026672210595805823,0.18985279586933237,0.0006747766232697508
sw_009,26,14,25,10,composite_净资产收益率_TTM_x_ep,1.304874568361384,0.023335083181878144,0.027363854275352817,0.19352032953404652,0.0007105968688824529
sw_009,26,14,25,11,composite_营业外收支净额_利润总额_TTM_x_de,1.0741819636518697,0.024405135860942898,0.027956983134108104,0.1941141916601364,0.0006098157685816138
sw_009,26,14,25,12,composite_流通市值_x_infl,-1.411754999319381,0.024875683525370246,0.028753749026507402,0.19594368160419948,0.0008196817204327811
sw_009,27,15,26,1,composite_市净率PB_LF_x_svar,3.5666342737147496,0.08126053221006087,0.006603274095062228,0.10502932955217162,0.006603274095062196
sw_009,27,15,26,2,composite_总市值_证监会算法_x_bm,3.2048811134700275,0.07334961879425647,0.011948548900730716,0.12955294960913571,0.005380805740827501
sw_009,27,15,26,3,composite_流通市值_x_svar,2.737524732001851,0.060111121929631334,0.015676889797116456,0.1385837003895837,0.0037734278839808735
sw_009,27,15,26,4,composite_净资产收益率_TTM_x_ntis,-2.8904198432504797,0.06234533081022753,0.019757524398037796,0.16167868380061012,0.004145625108893607
sw_009,27,15,26,5,composite_销售毛利率_TTM_x_m2gr,-1.722136230965577,0.03942736121326714,0.02129153802559014,0.17017325660011706,0.0015649328260441504
sw_009,27,15,26,6,composite_销售毛利率_TTM_x_itgr,-1.908692721640367,0.0419924486693254,0.02310072004033359,0.1733893154335003,0.0018485402804157792
sw_009,27,15,26,7,composite_销售毛利率_TTM_x_de,-1.5450410017952247,0.030609514765975843,0.02416709715435017,0.17511799091800412,0.001091593714820473
sw_009,27,15,26,8,composite_流通市值_x_infl,-1.9876386121126832,0.03184495480299211,0.02559317846936937,0.17811035984434562,0.0014613990887790093
sw_009,27,15,26,9,composite_市现率PCF_经营性现金流TTM_x_m2gr,-1.2804425168784104,0.027718890664914002,0.0263928016117293,0.17871990510422847,0.0008206255587413054
sw_009,27,15,26,10,composite_营业利润_利润总额_TTM_x_dp,-1.164585716829693,0.026791107916121788,0.027095371449490258,0.1801345929146158,0.000721615286867217
sw_009,27,15,26,11,composite_市净率PB_LF_x_itgr,-1.2256884499478675,0.024753141898746615,0.02777810828457783,0.18153983792192954,0.0007017510401865573
sw_009,27,15,26,12,composite_总资产周转率_TTM_x_mtr,-1.0748576265673575,0.022518212811616114,0.02832234658442767,0.18225031062507055,0.0005597881558597326
sw_009,28,16,27,1,composite_流通市值_x_svar,3.82906992106893,0.08746600823984385,0.007650302597412617,0.10345511971217282,0.007650302597412671
sw_009,28,16,27,2,composite_市净率PB_LF_x_svar,3.0789848050772237,0.06755557343254721,0.012380935230097423,0.13676006484455927,0.004767102408623532
sw_009,28,16,27,3,composite_流通市值_x_itgr,-2.81838246309644,0.06483758579620322,0.016533148818155374,0.14272202088928185,0.004204266337269867
sw_009,28,16,27,4,composite_净资产收益率_TTM_x_ntis,-2.922868515195666,0.06300046112955046,0.02070993411889277,0.16113582923464953,0.00424700161039294
sw_009,28,16,27,5,composite_销售毛利率_TTM_x_infl,1.4433360627315872,0.03257582658409718,0.021773182827889537,0.15984950649266025,0.001085734192596056
sw_009,28,16,27,6,composite_市现率PCF_经营性现金流TTM_x_m2gr,-1.3927411882379812,0.03207628480345333,0.02278377677593235,0.16313648329954206,0.001033087552193984
sw_009,28,16,27,7,composite_营业外收支净额_利润总额_TTM_x_de,1.307098292608223,0.02990149363090419,0.023664050963970173,0.16601117908426247,0.0009007977631946321
sw_009,28,16,27,8,composite_净资产收益率_TTM_x_infl,-1.4813481302229057,0.026568230215041892,0.024553252805973313,0.16872269652159935,0.000910753970373683
sw_009,28,16,27,9,composite_总市值_证监会算法_x_m2gr,1.2519569881396326,0.027176920866331996,0.025321411432966734,0.1745276360894489,0.0007874941704435806
sw_009,28,16,27,10,composite_总资产周转率_TTM_x_dp,-1.2425758730449927,0.02699623597909181,0.026078559872648732,0.17593613608829387,0.0007768185826213589
sw_009,28,16,27,11,composite_净资产收益率_TTM_x_itgr,-1.5546082755538895,0.02624671885339516,0.026999468982666475,0.17973088737710435,0.0009455681660497027
sw_009,28,16,27,12,composite_利润总额_营业收入_TTM_x_dp,-1.3279602239540251,0.024244749272960112,0.02772579760020366,0.18340892705813264,0.0007464832694158482
sw_009,29,17,28,1,composite_市净率PB_LF_x_svar,4.112795130548327,0.09445651060463035,0.008922032395602741,0.12423040647257143,0.008922032395602754
sw_009,29,17,28,2,composite_流通市值_x_svar,3.180857150688411,0.07040348232326527,0.014044974162540691,0.14691481410710955,0.00516906029030286
sw_009,29,17,28,3,composite_流通市值_x_itgr,-2.741610432147805,0.06349021241223914,0.018020030362357775,0.15273083827780323,0.004031681056081321
sw_009,29,17,28,4,composite_净资产收益率_TTM_x_ntis,-2.7902887081749412,0.06051905279264171,0.02186975381264933,0.16868893519168565,0.003920368611706182
sw_009,29,17,28,5,composite_营业外收支净额_利润总额_TTM_x_dp,1.3063510027201835,0.029862289582069608,0.022753579789048572,0.17123328334419619,0.0009035872061459049
sw_009,29,17,28,6,composite_市现率PCF_经营性现金流TTM_x_m2gr,-1.0311564810703744,0.023701224587085973,0.023309412846984512,0.17259147113309867,0.0005687747188839914
sw_009,29,17,28,7,composite_销售毛利率_TTM_x_bm,1.067359174235462,0.02362517370435086,0.023882397607891126,0.1709279968543127,0.0005866594481849421
sw_009,29,17,28,8,composite_净资产收益率_TTM_x_infl,-1.0622545927552083,0.022614284644613902,0.02442820289024339,0.17331832622522844,0.0005591593482329445
sw_009,29,17,28,9,composite_市盈率PE_TTM_x_svar,1.0039628219317585,0.021268378020088005,0.024913181480673896,0.17331524767416367,0.0004971223972108695
sw_009,29,17,28,10,composite_市现率PCF_经营性现金流TTM_x_dp,1.0411850179841728,0.020505566476694284,0.02539822035660333,0.17468671452371162,0.0004974314765797069
sw_009,29,17,28,11,composite_利润总额_营业收入_TTM_x_dp,-1.232470826660216,0.02118635217755766,0.025991211538527126,0.17730038736141626,0.0006084445917395907
sw_009,29,17,28,12,composite_净资产收益率_TTM_x_bm,1.6641988966335544,0.024643069647959304,0.02692219626269865,0.1815666185140072,0.0009558278479622721
sw_009,30,18,29,1,composite_市净率PB_LF_x_svar,3.402610500190295,0.07966138746983167,0.006345936653618711,0.1122288441159077,0.0063459366536187485
sw_009,30,18,29,2,composite_流通市值_x_svar,2.594702669738946,0.058555273256176925,0.00989442800107565,0.13220177463686084,0.0035711536623787184
sw_009,30,18,29,3,composite_净资产收益率_TTM_x_m2gr,2.7140068234982393,0.062282500960336405,0.013838545260741797,0.15628455266053423,0.00398353203053217
sw_009,30,18,29,4,composite_总市值_证监会算法_x_itgr,-1.7708083699335393,0.0387067496403918,0.015434332311753285,0.1560570865853274,0.0016181803125061747
sw_009,30,18,29,5,composite_净资产收益率_TTM_x_svar,-2.1657822518794725,0.03549943949322337,0.017222280749242147,0.16490960833567708,0.0018159768273120199
sw_009,30,18,29,6,composite_总资产周转率_TTM_x_dp,-1.112802240632742,0.02512444217545283,0.01787204852571156,0.1671519526171573,0.0006611543625193434
sw_009,30,18,29,7,composite_营业利润_利润总额_TTM_x_dp,-0.9097934849757556,0.021417278267844852,0.01832493817876768,0.16801611486321077,0.0004611310088225432
sw_009,30,18,29,8,composite_流通市值_x_infl,-0.9321912167810144,0.02110446955681718,0.01878184707974595,0.16970244745225427,0.00046543802399399466
sw_009,30,18,29,9,composite_净资产收益率_TTM_x_itgr,1.4584542633119353,0.02108188022132114,0.019496125668234443,0.17342838112100137,0.000727950850035342
sw_009,30,18,29,10,composite_市净率PB_LF_x_dp,1.1833441317846478,0.0207863442908162,0.020067216394454745,0.172335019714216,0.0005824461699445231
sw_009,30,18,29,11,composite_市销率PS_TTM_x_infl,1.0878296553798292,0.023583963569525124,0.020661301896587103,0.1752783776249929,0.00060625127771165
sw_009,30,18,29,12,composite_市销率PS_TTM_x_tms,-1.3254068795055076,0.02002247905025255,0.021273206990581883,0.17920235250650043,0.0006248145765911135
