quarter_idx,split,stock_id,stock_name,future_return_1q,score,portfolio_rank,weight,strategy,score_col,topk
13,train,000017.SZ,深中华A,-16.9144981412639,1.0,1,0.05,pure_stagewise_score_top20,pure_stagewise_score,20
13,train,600421.SH,华嵘控股,-29.1139240506329,0.9992977528089888,2,0.05,pure_stagewise_score_top20,pure_stagewise_score,20
13,train,600234.SH,*ST科新,-9.20398009950247,0.9985955056179775,3,0.05,pure_stagewise_score_top20,pure_stagewise_score,20
13,train,002058.SZ,威尔泰,0.807043286867204,0.9978932584269663,4,0.05,pure_stagewise_score_top20,pure_stagewise_score,20
13,train,000586.SZ,汇源通信,15.3773584905661,0.9971910112359551,5,0.05,pure_stagewise_score_top20,pure_stagewise_score,20
13,train,000518.SZ,四环生物,-12.7139364303179,0.9964887640449438,6,0.05,pure_stagewise_score_top20,pure_stagewise_score,20
13,train,300163.SZ,ST先锋,-0.740740740740753,0.9957865168539326,7,0.05,pure_stagewise_score_top20,pure_stagewise_score,20
13,train,300173.SZ,福能东方,-15.2631578947368,0.9950842696629213,8,0.05,pure_stagewise_score_top20,pure_stagewise_score,20
13,train,300069.SZ,金利华电,28.8163265306122,0.9943820224719101,9,0.05,pure_stagewise_score_top20,pure_stagewise_score,20
13,train,002213.SZ,大为股份,-20.7547169811321,0.9936797752808989,10,0.05,pure_stagewise_score_top20,pure_stagewise_score,20
13,train,600698.SH,湖南天雁,-15.5963302752294,0.9929775280898876,11,0.05,pure_stagewise_score_top20,pure_stagewise_score,20
13,train,000020.SZ,深华发A,-12.64,0.9922752808988764,12,0.05,pure_stagewise_score_top20,pure_stagewise_score,20
13,train,002362.SZ,汉王科技,-13.3180252583238,0.9915730337078652,13,0.05,pure_stagewise_score_top20,pure_stagewise_score,20
13,train,300397.SZ,天和防务,-14.8614609571788,0.9908707865168539,14,0.05,pure_stagewise_score_top20,pure_stagewise_score,20
13,train,002134.SZ,天津普林,-7.21271393643032,0.9901685393258427,15,0.05,pure_stagewise_score_top20,pure_stagewise_score,20
13,train,002693.SZ,双成药业,-6.28803245436105,0.9894662921348315,16,0.05,pure_stagewise_score_top20,pure_stagewise_score,20
13,train,002231.SZ,奥维通信,0.25031289111388,0.9887640449438202,17,0.05,pure_stagewise_score_top20,pure_stagewise_score,20
13,train,000622.SZ,*ST恒立,-17.9216867469879,0.988061797752809,18,0.05,pure_stagewise_score_top20,pure_stagewise_score,20
13,train,600817.SH,宇通重工,-4.99999999999999,0.9873595505617978,19,0.05,pure_stagewise_score_top20,pure_stagewise_score,20
13,train,300411.SZ,金盾股份,-23.3069481090589,0.9866573033707865,20,0.05,pure_stagewise_score_top20,pure_stagewise_score,20
14,train,000017.SZ,深中华A,6.71140939597314,1.0,1,0.05,pure_stagewise_score_top20,pure_stagewise_score,20
14,train,000820.SZ,神雾节能,-33.7552742616034,0.9992977528089888,2,0.05,pure_stagewise_score_top20,pure_stagewise_score,20
14,train,600234.SH,*ST科新,14.1095890410959,0.9985955056179775,3,0.05,pure_stagewise_score_top20,pure_stagewise_score,20
14,train,000670.SZ,盈方微,3.94736842105263,0.9978932584269663,4,0.05,pure_stagewise_score_top20,pure_stagewise_score,20
14,train,002420.SZ,毅昌科技,5.46623794212218,0.9971910112359551,5,0.05,pure_stagewise_score_top20,pure_stagewise_score,20
14,train,300163.SZ,ST先锋,-12.4378109452736,0.9964887640449438,6,0.05,pure_stagewise_score_top20,pure_stagewise_score,20
14,train,002134.SZ,天津普林,23.3201581027668,0.9957865168539326,7,0.05,pure_stagewise_score_top20,pure_stagewise_score,20
14,train,000707.SZ,双环科技,-1.33333333333333,0.9950842696629213,8,0.05,pure_stagewise_score_top20,pure_stagewise_score,20
14,train,002213.SZ,大为股份,19.8412698412698,0.9943820224719101,9,0.05,pure_stagewise_score_top20,pure_stagewise_score,20
14,train,000868.SZ,安凯客车,33.5793357933579,0.9936797752808989,10,0.05,pure_stagewise_score_top20,pure_stagewise_score,20
14,train,600698.SH,湖南天雁,4.71014492753625,0.9929775280898876,11,0.05,pure_stagewise_score_top20,pure_stagewise_score,20
14,train,600847.SH,万里股份,-6.06060606060608,0.9922752808988764,12,0.05,pure_stagewise_score_top20,pure_stagewise_score,20
14,train,000533.SZ,顺钠股份,-12.9370629370629,0.9915730337078652,13,0.05,pure_stagewise_score_top20,pure_stagewise_score,20
14,train,600796.SH,钱江生化,-8.16696914700545,0.9908707865168539,14,0.05,pure_stagewise_score_top20,pure_stagewise_score,20
14,train,002660.SZ,茂硕电源,22.8169014084507,0.9901685393258427,15,0.05,pure_stagewise_score_top20,pure_stagewise_score,20
14,train,600860.SH,京城股份,-17.8102189781022,0.9894662921348315,16,0.05,pure_stagewise_score_top20,pure_stagewise_score,20
14,train,300069.SZ,金利华电,-16.6032953105196,0.9887640449438202,17,0.05,pure_stagewise_score_top20,pure_stagewise_score,20
14,train,600099.SH,林海股份,-9.77542932628799,0.988061797752809,18,0.05,pure_stagewise_score_top20,pure_stagewise_score,20
14,train,600281.SH,华阳新材,-3.45572354211663,0.9873595505617978,19,0.05,pure_stagewise_score_top20,pure_stagewise_score,20
14,train,002723.SZ,小崧股份,-18.3333333333333,0.9866573033707865,20,0.05,pure_stagewise_score_top20,pure_stagewise_score,20
15,train,600615.SH,丰华股份,21.443736730361,1.0,1,0.05,pure_stagewise_score_top20,pure_stagewise_score,20
15,train,600883.SH,博闻科技,12.1879588839941,0.9992977528089888,2,0.05,pure_stagewise_score_top20,pure_stagewise_score,20
15,train,600768.SH,宁波富邦,12.0768526989936,0.9985955056179775,3,0.05,pure_stagewise_score_top20,pure_stagewise_score,20
15,train,000691.SZ,亚太实业,6.08465608465609,0.9978932584269663,4,0.05,pure_stagewise_score_top20,pure_stagewise_score,20
15,train,000622.SZ,*ST恒立,3.02375809935205,0.9971910112359551,5,0.05,pure_stagewise_score_top20,pure_stagewise_score,20
15,train,600746.SH,江苏索普,6.18556701030928,0.9964887640449438,6,0.05,pure_stagewise_score_top20,pure_stagewise_score,20
15,train,300211.SZ,亿通科技,5.25624178712221,0.9957865168539326,7,0.05,pure_stagewise_score_top20,pure_stagewise_score,20
15,train,600817.SH,宇通重工,-0.410958904109582,0.9950842696629213,8,0.05,pure_stagewise_score_top20,pure_stagewise_score,20
15,train,000972.SZ,中基健康,36.2204724409449,0.9943820224719101,9,0.05,pure_stagewise_score_top20,pure_stagewise_score,20
15,train,300354.SZ,东华测试,-8.3147735708983,0.9936797752808989,10,0.05,pure_stagewise_score_top20,pure_stagewise_score,20
15,train,600714.SH,金瑞矿业,-0.513698630137005,0.9929775280898876,11,0.05,pure_stagewise_score_top20,pure_stagewise_score,20
15,train,600980.SH,北矿科技,-4.15814587593728,0.9922752808988764,12,0.05,pure_stagewise_score_top20,pure_stagewise_score,20
15,train,000017.SZ,深中华A,-7.18685831622178,0.9915730337078652,13,0.05,pure_stagewise_score_top20,pure_stagewise_score,20
15,train,000020.SZ,深华发A,-5.32386867790594,0.9908707865168539,14,0.05,pure_stagewise_score_top20,pure_stagewise_score,20
15,train,600800.SH,渤海化学,-0.180180180180178,0.9901685393258427,15,0.05,pure_stagewise_score_top20,pure_stagewise_score,20
15,train,300371.SZ,汇中股份,7.59392486011192,0.9894662921348315,16,0.05,pure_stagewise_score_top20,pure_stagewise_score,20
15,train,002715.SZ,登云股份,17.6470588235294,0.9887640449438202,17,0.05,pure_stagewise_score_top20,pure_stagewise_score,20
15,train,002553.SZ,南方精工,-9.24369747899159,0.988061797752809,18,0.05,pure_stagewise_score_top20,pure_stagewise_score,20
15,train,000565.SZ,渝三峡A,0.747663551401856,0.9873595505617978,19,0.05,pure_stagewise_score_top20,pure_stagewise_score,20
15,train,002164.SZ,宁波东力,-6.87960687960689,0.9866573033707865,20,0.05,pure_stagewise_score_top20,pure_stagewise_score,20
16,train,600768.SH,宁波富邦,-19.7138314785374,1.0,1,0.05,pure_stagewise_score_top20,pure_stagewise_score,20
16,train,002175.SZ,东方智造,-2.59067357512954,0.9992977528089888,2,0.05,pure_stagewise_score_top20,pure_stagewise_score,20
16,train,002248.SZ,华东数控,9.80891719745223,0.9985955056179775,3,0.05,pure_stagewise_score_top20,pure_stagewise_score,20
16,train,600678.SH,四川金顶,-8.73239436619717,0.9978932584269663,4,0.05,pure_stagewise_score_top20,pure_stagewise_score,20
16,train,600234.SH,*ST科新,2.78396436525614,0.9971910112359551,5,0.05,pure_stagewise_score_top20,pure_stagewise_score,20
16,train,300345.SZ,华民股份,-28.4076433121019,0.9964887640449438,6,0.05,pure_stagewise_score_top20,pure_stagewise_score,20
16,train,300371.SZ,汇中股份,-10.0,0.9957865168539326,7,0.05,pure_stagewise_score_top20,pure_stagewise_score,20
16,train,002476.SZ,宝莫股份,1.08695652173911,0.9950842696629213,8,0.05,pure_stagewise_score_top20,pure_stagewise_score,20
16,train,002231.SZ,奥维通信,8.63309352517985,0.9943820224719101,9,0.05,pure_stagewise_score_top20,pure_stagewise_score,20
16,train,603988.SH,中电电机,-9.52879581151832,0.9936797752808989,10,0.05,pure_stagewise_score_top20,pure_stagewise_score,20
16,train,300286.SZ,安科瑞,-6.64395229982964,0.9929775280898876,11,0.05,pure_stagewise_score_top20,pure_stagewise_score,20
16,train,600281.SH,华阳新材,-8.04878048780487,0.9922752808988764,12,0.05,pure_stagewise_score_top20,pure_stagewise_score,20
16,train,600319.SH,亚星化学,13.8228941684665,0.9915730337078652,13,0.05,pure_stagewise_score_top20,pure_stagewise_score,20
16,train,300179.SZ,四方达,-4.18760469011725,0.9908707865168539,14,0.05,pure_stagewise_score_top20,pure_stagewise_score,20
16,train,600877.SH,电科芯片,20.7547169811321,0.9901685393258427,15,0.05,pure_stagewise_score_top20,pure_stagewise_score,20
16,train,603088.SH,宁波精达,-0.561167227833903,0.9894662921348315,16,0.05,pure_stagewise_score_top20,pure_stagewise_score,20
16,train,002420.SZ,毅昌科技,-8.39694656488549,0.9887640449438202,17,0.05,pure_stagewise_score_top20,pure_stagewise_score,20
16,train,300198.SZ,纳川股份,-14.5161290322581,0.988061797752809,18,0.05,pure_stagewise_score_top20,pure_stagewise_score,20
16,train,600615.SH,丰华股份,-30.8085106382979,0.9873595505617978,19,0.05,pure_stagewise_score_top20,pure_stagewise_score,20
16,train,300354.SZ,东华测试,-10.3811841038118,0.9866573033707865,20,0.05,pure_stagewise_score_top20,pure_stagewise_score,20
17,train,600768.SH,宁波富邦,-9.27342256214151,1.0,1,0.05,pure_stagewise_score_top20,pure_stagewise_score,20
17,train,002175.SZ,东方智造,-30.2884615384615,0.9992977528089888,2,0.05,pure_stagewise_score_top20,pure_stagewise_score,20
17,train,300354.SZ,东华测试,6.31020120759735,0.9985955056179775,3,0.05,pure_stagewise_score_top20,pure_stagewise_score,20
17,train,300069.SZ,金利华电,12.9349967170059,0.9978932584269663,4,0.05,pure_stagewise_score_top20,pure_stagewise_score,20
17,train,000659.SZ,珠海中富,4.52488687782806,0.9971910112359551,5,0.05,pure_stagewise_score_top20,pure_stagewise_score,20
17,train,300125.SZ,ST聆达,12.5776397515528,0.9964887640449438,6,0.05,pure_stagewise_score_top20,pure_stagewise_score,20
17,train,002199.SZ,东晶电子,-6.45905420991927,0.9957865168539326,7,0.05,pure_stagewise_score_top20,pure_stagewise_score,20
17,train,002427.SZ,尤夫股份,-15.9416511643376,0.9950842696629213,8,0.05,pure_stagewise_score_top20,pure_stagewise_score,20
17,train,002231.SZ,奥维通信,-19.7149643705463,0.9943820224719101,9,0.05,pure_stagewise_score_top20,pure_stagewise_score,20
17,train,300345.SZ,华民股份,16.6939443535188,0.9936797752808989,10,0.05,pure_stagewise_score_top20,pure_stagewise_score,20
17,train,000737.SZ,北方铜业,-1.48148148148149,0.9929775280898876,11,0.05,pure_stagewise_score_top20,pure_stagewise_score,20
17,train,600883.SH,博闻科技,16.453664588126,0.9922752808988764,12,0.05,pure_stagewise_score_top20,pure_stagewise_score,20
17,train,603988.SH,中电电机,49.9004261452953,0.9915730337078652,13,0.05,pure_stagewise_score_top20,pure_stagewise_score,20
17,train,000590.SZ,启迪药业,-4.3851286939943,0.9908707865168539,14,0.05,pure_stagewise_score_top20,pure_stagewise_score,20
17,train,300163.SZ,ST先锋,32.5779036827196,0.9901685393258427,15,0.05,pure_stagewise_score_top20,pure_stagewise_score,20
17,train,002622.SZ,皓宸医疗,-7.29483282674774,0.9894662921348315,16,0.05,pure_stagewise_score_top20,pure_stagewise_score,20
17,train,002066.SZ,瑞泰科技,24.906600249066,0.9887640449438202,17,0.05,pure_stagewise_score_top20,pure_stagewise_score,20
17,train,600796.SH,钱江生化,-8.71080139372821,0.988061797752809,18,0.05,pure_stagewise_score_top20,pure_stagewise_score,20
17,train,002552.SZ,宝鼎科技,-11.1384615384615,0.9873595505617978,19,0.05,pure_stagewise_score_top20,pure_stagewise_score,20
17,train,000995.SZ,皇台酒业,0.0,0.9866573033707865,20,0.05,pure_stagewise_score_top20,pure_stagewise_score,20
18,train,600213.SH,*ST亚星,0.0,1.0,1,0.05,pure_stagewise_score_top20,pure_stagewise_score,20
18,train,000868.SZ,安凯客车,-17.1794871794872,0.9992977528089888,2,0.05,pure_stagewise_score_top20,pure_stagewise_score,20
18,train,002652.SZ,扬子新材,0.260416666666674,0.9985955056179775,3,0.05,pure_stagewise_score_top20,pure_stagewise_score,20
18,train,000017.SZ,深中华A,4.78260869565217,0.9978932584269663,4,0.05,pure_stagewise_score_top20,pure_stagewise_score,20
18,train,300278.SZ,华昌达,77.3255813953488,0.9971910112359551,5,0.05,pure_stagewise_score_top20,pure_stagewise_score,20
18,train,600860.SH,京城股份,2.07253886010361,0.9964887640449438,6,0.05,pure_stagewise_score_top20,pure_stagewise_score,20
18,train,002211.SZ,宏达新材,21.9281663516068,0.9957865168539326,7,0.05,pure_stagewise_score_top20,pure_stagewise_score,20
18,train,300343.SZ,联创股份,50.6849315068493,0.9950842696629213,8,0.05,pure_stagewise_score_top20,pure_stagewise_score,20
18,train,000410.SZ,沈阳机床,0.455580865603666,0.9943820224719101,9,0.05,pure_stagewise_score_top20,pure_stagewise_score,20
18,train,600127.SH,金健米业,14.6216768916156,0.9936797752808989,10,0.05,pure_stagewise_score_top20,pure_stagewise_score,20
18,train,000595.SZ,宝塔实业,54.320987654321,0.9929775280898876,11,0.05,pure_stagewise_score_top20,pure_stagewise_score,20
18,train,600238.SH,海南椰岛,-23.7373737373737,0.9922752808988764,12,0.05,pure_stagewise_score_top20,pure_stagewise_score,20
18,train,002290.SZ,禾盛新材,1.0351966873706,0.9915730337078652,13,0.05,pure_stagewise_score_top20,pure_stagewise_score,20
18,train,300256.SZ,星星科技,15.6199677938808,0.9908707865168539,14,0.05,pure_stagewise_score_top20,pure_stagewise_score,20
18,train,300111.SZ,向日葵,50.1945525291829,0.9901685393258427,15,0.05,pure_stagewise_score_top20,pure_stagewise_score,20
18,train,300093.SZ,金刚光伏,-1.74152153987166,0.9894662921348315,16,0.05,pure_stagewise_score_top20,pure_stagewise_score,20
18,train,600768.SH,宁波富邦,1.47835269271384,0.9887640449438202,17,0.05,pure_stagewise_score_top20,pure_stagewise_score,20
18,train,600355.SH,精伦电子,5.96491228070175,0.988061797752809,18,0.05,pure_stagewise_score_top20,pure_stagewise_score,20
18,train,000982.SZ,中银绒业(退市),-7.8740157480315,0.9873595505617978,19,0.05,pure_stagewise_score_top20,pure_stagewise_score,20
18,train,600423.SH,柳化股份,6.54545454545454,0.9866573033707865,20,0.05,pure_stagewise_score_top20,pure_stagewise_score,20
19,train,600191.SH,华资实业,25.3571428571429,1.0,1,0.05,pure_stagewise_score_top20,pure_stagewise_score,20
19,train,000595.SZ,宝塔实业,-20.8,0.9992977528089888,2,0.05,pure_stagewise_score_top20,pure_stagewise_score,20
19,train,000695.SZ,滨海能源,-9.66921119592875,0.9985955056179775,3,0.05,pure_stagewise_score_top20,pure_stagewise_score,20
19,train,300270.SZ,中威电子,-19.0344827586207,0.9978932584269663,4,0.05,pure_stagewise_score_top20,pure_stagewise_score,20
19,train,300334.SZ,津膜科技,2.08078335373316,0.9971910112359551,5,0.05,pure_stagewise_score_top20,pure_stagewise_score,20
19,train,002529.SZ,海源复材,29.4520547945206,0.9964887640449438,6,0.05,pure_stagewise_score_top20,pure_stagewise_score,20
19,train,002167.SZ,东方锆业,8.65724381625443,0.9957865168539326,7,0.05,pure_stagewise_score_top20,pure_stagewise_score,20
19,train,600768.SH,宁波富邦,-9.78372811534501,0.9950842696629213,8,0.05,pure_stagewise_score_top20,pure_stagewise_score,20
19,train,002451.SZ,摩恩电气,-3.40599455040872,0.9943820224719101,9,0.05,pure_stagewise_score_top20,pure_stagewise_score,20
19,train,300093.SZ,金刚光伏,-15.5045871559633,0.9936797752808989,10,0.05,pure_stagewise_score_top20,pure_stagewise_score,20
19,train,600423.SH,柳化股份,-16.4429530201342,0.9929775280898876,11,0.05,pure_stagewise_score_top20,pure_stagewise_score,20
19,train,000017.SZ,深中华A,-1.6326530612245,0.9922752808988764,12,0.05,pure_stagewise_score_top20,pure_stagewise_score,20
19,train,600127.SH,金健米业,-0.53050397877985,0.9915730337078652,13,0.05,pure_stagewise_score_top20,pure_stagewise_score,20
19,train,600889.SH,南京化纤,-43.0809399477807,0.9908707865168539,14,0.05,pure_stagewise_score_top20,pure_stagewise_score,20
19,train,000982.SZ,中银绒业(退市),-7.82608695652172,0.9901685393258427,15,0.05,pure_stagewise_score_top20,pure_stagewise_score,20
19,train,002366.SZ,融发核电,-23.4090909090909,0.9894662921348315,16,0.05,pure_stagewise_score_top20,pure_stagewise_score,20
19,train,600355.SH,精伦电子,-14.2857142857143,0.9887640449438202,17,0.05,pure_stagewise_score_top20,pure_stagewise_score,20
19,train,600165.SH,*ST宁科,-2.9139072847682,0.988061797752809,18,0.05,pure_stagewise_score_top20,pure_stagewise_score,20
19,train,300278.SZ,华昌达,-24.6353322528363,0.9873595505617978,19,0.05,pure_stagewise_score_top20,pure_stagewise_score,20
19,train,600238.SH,海南椰岛,98.1818181818182,0.9866573033707865,20,0.05,pure_stagewise_score_top20,pure_stagewise_score,20
20,train,600177.SH,雅戈尔,14.6892655367231,1.0,1,0.05,pure_stagewise_score_top20,pure_stagewise_score,20
20,train,000423.SZ,东阿阿胶,-3.0785017957927,0.9992977528089888,2,0.05,pure_stagewise_score_top20,pure_stagewise_score,20
20,train,000553.SZ,安道麦A,14.9807938540333,0.9985955056179775,3,0.05,pure_stagewise_score_top20,pure_stagewise_score,20
20,train,000623.SZ,吉林敖东,-1.72839506172839,0.9978932584269663,4,0.05,pure_stagewise_score_top20,pure_stagewise_score,20
20,train,002435.SZ,ST长康(退市),5.63380281690142,0.9971910112359551,5,0.05,pure_stagewise_score_top20,pure_stagewise_score,20
20,train,002437.SZ,誉衡药业,-17.2955974842767,0.9964887640449438,6,0.05,pure_stagewise_score_top20,pure_stagewise_score,20
20,train,600572.SH,康恩贝,-11.0403397027601,0.9957865168539326,7,0.05,pure_stagewise_score_top20,pure_stagewise_score,20
20,train,300203.SZ,聚光科技,8.7144089732528,0.9950842696629213,8,0.05,pure_stagewise_score_top20,pure_stagewise_score,20
20,train,600352.SH,浙江龙盛,7.17986676535898,0.9943820224719101,9,0.05,pure_stagewise_score_top20,pure_stagewise_score,20
20,train,600252.SH,中恒集团,-9.74025974025975,0.9936797752808989,10,0.05,pure_stagewise_score_top20,pure_stagewise_score,20
20,train,600351.SH,亚宝药业,-0.608519269776853,0.9929775280898876,11,0.05,pure_stagewise_score_top20,pure_stagewise_score,20
20,train,002004.SZ,华邦健康,-2.17785843920145,0.9922752808988764,12,0.05,pure_stagewise_score_top20,pure_stagewise_score,20
20,train,600525.SH,长园集团,-14.756671899529,0.9915730337078652,13,0.05,pure_stagewise_score_top20,pure_stagewise_score,20
20,train,002399.SZ,海普瑞,0.410798122065748,0.9908707865168539,14,0.05,pure_stagewise_score_top20,pure_stagewise_score,20
20,train,000597.SZ,东北制药,-8.73015873015873,0.9901685393258427,15,0.05,pure_stagewise_score_top20,pure_stagewise_score,20
20,train,002583.SZ,海能达,-10.8019639934534,0.9894662921348315,16,0.05,pure_stagewise_score_top20,pure_stagewise_score,20
20,train,300233.SZ,金城医药,26.7222222222222,0.9887640449438202,17,0.05,pure_stagewise_score_top20,pure_stagewise_score,20
20,train,002029.SZ,七匹狼,2.29007633587786,0.988061797752809,18,0.05,pure_stagewise_score_top20,pure_stagewise_score,20
20,train,600084.SH,中信尼雅,14.0350877192983,0.9873595505617978,19,0.05,pure_stagewise_score_top20,pure_stagewise_score,20
20,train,600688.SH,上海石化,2.61627906976742,0.9866573033707865,20,0.05,pure_stagewise_score_top20,pure_stagewise_score,20
21,train,600132.SH,重庆啤酒,77.7408637873754,1.0,1,0.05,pure_stagewise_score_top20,pure_stagewise_score,20
21,train,600809.SH,山西汾酒,30.8449429013698,0.9992977528089888,2,0.05,pure_stagewise_score_top20,pure_stagewise_score,20
21,train,600779.SH,水井坊,73.6769759450172,0.9985955056179775,3,0.05,pure_stagewise_score_top20,pure_stagewise_score,20
21,train,300122.SZ,智飞生物,6.00022706630334,0.9978932584269663,4,0.05,pure_stagewise_score_top20,pure_stagewise_score,20
21,train,600887.SH,伊利股份,-6.89950031887118,0.9971910112359551,5,0.05,pure_stagewise_score_top20,pure_stagewise_score,20
21,train,601100.SH,恒立液压,-5.00443299196558,0.9964887640449438,6,0.05,pure_stagewise_score_top20,pure_stagewise_score,20
21,train,603288.SH,海天味业,10.9033513186847,0.9957865168539326,7,0.05,pure_stagewise_score_top20,pure_stagewise_score,20
21,train,000799.SZ,酒鬼酒,61.5982803312891,0.9950842696629213,8,0.05,pure_stagewise_score_top20,pure_stagewise_score,20
21,train,002372.SZ,伟星新材,-15.2751658833259,0.9943820224719101,9,0.05,pure_stagewise_score_top20,pure_stagewise_score,20
21,train,002511.SZ,中顺洁柔,7.90916766213443,0.9936797752808989,10,0.05,pure_stagewise_score_top20,pure_stagewise_score,20
21,train,600276.SH,恒瑞医药,-9.69140865540787,0.9929775280898876,11,0.05,pure_stagewise_score_top20,pure_stagewise_score,20
21,train,002677.SZ,浙江美大,2.19436037736696,0.9922752808988764,12,0.05,pure_stagewise_score_top20,pure_stagewise_score,20
21,train,002709.SZ,天赐材料,123.806393833213,0.9915730337078652,13,0.05,pure_stagewise_score_top20,pure_stagewise_score,20
21,train,000661.SZ,长春高新,-12.1883169365361,0.9908707865168539,14,0.05,pure_stagewise_score_top20,pure_stagewise_score,20
21,train,002507.SZ,涪陵榨菜,-10.4825291181365,0.9901685393258427,15,0.05,pure_stagewise_score_top20,pure_stagewise_score,20
21,train,002242.SZ,九阳股份,7.8327248589446,0.9894662921348315,16,0.05,pure_stagewise_score_top20,pure_stagewise_score,20
21,train,002032.SZ,苏泊尔,-7.74612991836087,0.9887640449438202,17,0.05,pure_stagewise_score_top20,pure_stagewise_score,20
21,train,000568.SZ,泸州老窖,5.10513186029937,0.988061797752809,18,0.05,pure_stagewise_score_top20,pure_stagewise_score,20
21,train,000858.SZ,五粮液,9.48215663934728,0.9873595505617978,19,0.05,pure_stagewise_score_top20,pure_stagewise_score,20
21,train,600519.SH,贵州茅台,2.06305768108639,0.9866573033707865,20,0.05,pure_stagewise_score_top20,pure_stagewise_score,20
22,valid,600361.SH,创新新材,49.9999938526386,1.0,1,0.05,pure_stagewise_score_top20,pure_stagewise_score,20
22,valid,600961.SH,株冶集团,56.1258278145695,0.9992977528089888,2,0.05,pure_stagewise_score_top20,pure_stagewise_score,20
22,valid,002098.SZ,浔兴股份,8.13148788927334,0.9985955056179775,3,0.05,pure_stagewise_score_top20,pure_stagewise_score,20
22,valid,002687.SZ,乔治白,23.3511586452763,0.9978932584269663,4,0.05,pure_stagewise_score_top20,pure_stagewise_score,20
22,valid,002452.SZ,长高电新,29.6500920810313,0.9971910112359551,5,0.05,pure_stagewise_score_top20,pure_stagewise_score,20
22,valid,600802.SH,福建水泥,11.5669837705909,0.9964887640449438,6,0.05,pure_stagewise_score_top20,pure_stagewise_score,20
22,valid,002164.SZ,宁波东力,-13.09963099631,0.9957865168539326,7,0.05,pure_stagewise_score_top20,pure_stagewise_score,20
22,valid,600479.SH,千金药业,0.0,0.9950842696629213,8,0.05,pure_stagewise_score_top20,pure_stagewise_score,20
22,valid,600678.SH,四川金顶,5.10948905109487,0.9943820224719101,9,0.05,pure_stagewise_score_top20,pure_stagewise_score,20
22,valid,300246.SZ,宝莱特,-11.948051948052,0.9936797752808989,10,0.05,pure_stagewise_score_top20,pure_stagewise_score,20
22,valid,002105.SZ,信隆健康,9.11143663089633,0.9929775280898876,11,0.05,pure_stagewise_score_top20,pure_stagewise_score,20
22,valid,002487.SZ,大金重工,219.25630810093,0.9922752808988764,12,0.05,pure_stagewise_score_top20,pure_stagewise_score,20
22,valid,600470.SH,六国化工,69.0082644628099,0.9915730337078652,13,0.05,pure_stagewise_score_top20,pure_stagewise_score,20
22,valid,000510.SZ,新金路,42.4892703862661,0.9908707865168539,14,0.05,pure_stagewise_score_top20,pure_stagewise_score,20
22,valid,002290.SZ,禾盛新材,-1.96304849884525,0.9901685393258427,15,0.05,pure_stagewise_score_top20,pure_stagewise_score,20
22,valid,002205.SZ,国统股份,7.99766343447814,0.9894662921348315,16,0.05,pure_stagewise_score_top20,pure_stagewise_score,20
22,valid,600408.SH,安泰集团,8.94736842105262,0.9887640449438202,17,0.05,pure_stagewise_score_top20,pure_stagewise_score,20
22,valid,000529.SZ,广弘控股,2.77758091837155,0.988061797752809,18,0.05,pure_stagewise_score_top20,pure_stagewise_score,20
22,valid,600513.SH,联环药业,-7.33333333333334,0.9873595505617978,19,0.05,pure_stagewise_score_top20,pure_stagewise_score,20
22,valid,002360.SZ,同德化工,5.22193211488251,0.9866573033707865,20,0.05,pure_stagewise_score_top20,pure_stagewise_score,20
23,valid,600213.SH,*ST亚星,19.3921852387844,1.0,1,0.05,pure_stagewise_score_top20,pure_stagewise_score,20
23,valid,600361.SH,创新新材,7.27611940298507,0.9992977528089888,2,0.05,pure_stagewise_score_top20,pure_stagewise_score,20
23,valid,000670.SZ,盈方微,0.0,0.9985955056179775,3,0.05,pure_stagewise_score_top20,pure_stagewise_score,20
23,valid,600961.SH,株冶集团,1.63934426229508,0.9978932584269663,4,0.05,pure_stagewise_score_top20,pure_stagewise_score,20
23,valid,600408.SH,安泰集团,-7.5187969924812,0.9971910112359551,5,0.05,pure_stagewise_score_top20,pure_stagewise_score,20
23,valid,002290.SZ,禾盛新材,-6.98529411764707,0.9964887640449438,6,0.05,pure_stagewise_score_top20,pure_stagewise_score,20
23,valid,002443.SZ,金洲管道,37.3263888888889,0.9957865168539326,7,0.05,pure_stagewise_score_top20,pure_stagewise_score,20
23,valid,000698.SZ,沈阳化工,-7.12025316455696,0.9950842696629213,8,0.05,pure_stagewise_score_top20,pure_stagewise_score,20
23,valid,000717.SZ,中南股份,-9.35114503816794,0.9943820224719101,9,0.05,pure_stagewise_score_top20,pure_stagewise_score,20
23,valid,002427.SZ,尤夫股份,4.71512770137525,0.9936797752808989,10,0.05,pure_stagewise_score_top20,pure_stagewise_score,20
23,valid,300256.SZ,星星科技,15.1408450704225,0.9929775280898876,11,0.05,pure_stagewise_score_top20,pure_stagewise_score,20
23,valid,600860.SH,京城股份,224.013157894737,0.9922752808988764,12,0.05,pure_stagewise_score_top20,pure_stagewise_score,20
23,valid,600889.SH,南京化纤,2.30642504118614,0.9915730337078652,13,0.05,pure_stagewise_score_top20,pure_stagewise_score,20
23,valid,600419.SH,天润乳业,4.66772151898733,0.9908707865168539,14,0.05,pure_stagewise_score_top20,pure_stagewise_score,20
23,valid,002731.SZ,萃华珠宝,73.5056542810985,0.9901685393258427,15,0.05,pure_stagewise_score_top20,pure_stagewise_score,20
23,valid,000782.SZ,恒申新材,13.3079847908745,0.9894662921348315,16,0.05,pure_stagewise_score_top20,pure_stagewise_score,20
23,valid,002442.SZ,龙星化工,-5.01474926253687,0.9887640449438202,17,0.05,pure_stagewise_score_top20,pure_stagewise_score,20
23,valid,002068.SZ,黑猫股份,48.9308774802958,0.988061797752809,18,0.05,pure_stagewise_score_top20,pure_stagewise_score,20
23,valid,000049.SZ,德赛电池,86.8033311979501,0.9873595505617978,19,0.05,pure_stagewise_score_top20,pure_stagewise_score,20
23,valid,300214.SZ,日科化学,4.04858299595141,0.9866573033707865,20,0.05,pure_stagewise_score_top20,pure_stagewise_score,20
24,valid,600678.SH,四川金顶,21.0,1.0,1,0.05,pure_stagewise_score_top20,pure_stagewise_score,20
24,valid,002615.SZ,哈尔斯,-2.18181818181818,0.9992977528089888,2,0.05,pure_stagewise_score_top20,pure_stagewise_score,20
24,valid,002687.SZ,乔治白,-10.0719424460432,0.9985955056179775,3,0.05,pure_stagewise_score_top20,pure_stagewise_score,20
24,valid,000677.SZ,恒天海龙,4.90797546012269,0.9978932584269663,4,0.05,pure_stagewise_score_top20,pure_stagewise_score,20
24,valid,300111.SZ,向日葵,6.64556962025318,0.9971910112359551,5,0.05,pure_stagewise_score_top20,pure_stagewise_score,20
24,valid,000691.SZ,亚太实业,18.4322033898305,0.9964887640449438,6,0.05,pure_stagewise_score_top20,pure_stagewise_score,20
24,valid,000510.SZ,新金路,27.710843373494,0.9957865168539326,7,0.05,pure_stagewise_score_top20,pure_stagewise_score,20
24,valid,600802.SH,福建水泥,8.42391304347827,0.9950842696629213,8,0.05,pure_stagewise_score_top20,pure_stagewise_score,20
24,valid,600513.SH,联环药业,0.10438413361169,0.9943820224719101,9,0.05,pure_stagewise_score_top20,pure_stagewise_score,20
24,valid,002098.SZ,浔兴股份,4.22740524781342,0.9936797752808989,10,0.05,pure_stagewise_score_top20,pure_stagewise_score,20
24,valid,002107.SZ,沃华医药,9.7699391227664,0.9929775280898876,11,0.05,pure_stagewise_score_top20,pure_stagewise_score,20
24,valid,600232.SH,金鹰股份,11.0294117647059,0.9922752808988764,12,0.05,pure_stagewise_score_top20,pure_stagewise_score,20
24,valid,603088.SH,宁波精达,-10.1910828025478,0.9915730337078652,13,0.05,pure_stagewise_score_top20,pure_stagewise_score,20
24,valid,603998.SH,方盛制药,3.60360360360359,0.9908707865168539,14,0.05,pure_stagewise_score_top20,pure_stagewise_score,20
24,valid,002412.SZ,汉森制药,23.2786885245902,0.9901685393258427,15,0.05,pure_stagewise_score_top20,pure_stagewise_score,20
24,valid,002058.SZ,威尔泰,0.350877192982457,0.9894662921348315,16,0.05,pure_stagewise_score_top20,pure_stagewise_score,20
24,valid,603518.SH,锦泓集团,-17.2818791946309,0.9887640449438202,17,0.05,pure_stagewise_score_top20,pure_stagewise_score,20
24,valid,300306.SZ,远方信息,58.4466019417476,0.988061797752809,18,0.05,pure_stagewise_score_top20,pure_stagewise_score,20
24,valid,002134.SZ,天津普林,0.0,0.9873595505617978,19,0.05,pure_stagewise_score_top20,pure_stagewise_score,20
24,valid,002290.SZ,禾盛新材,-7.55968169761274,0.9866573033707865,20,0.05,pure_stagewise_score_top20,pure_stagewise_score,20
25,valid,002432.SZ,九安医疗,-19.4030350186345,1.0,1,0.05,pure_stagewise_score_top20,pure_stagewise_score,20
25,valid,002493.SZ,荣盛石化,8.15361891308575,0.9992977528089888,2,0.05,pure_stagewise_score_top20,pure_stagewise_score,20
25,valid,000661.SZ,长春高新,43.4653635077688,0.9985955056179775,3,0.05,pure_stagewise_score_top20,pure_stagewise_score,20
25,valid,600176.SH,中国巨石,18.2859674442111,0.9978932584269663,4,0.05,pure_stagewise_score_top20,pure_stagewise_score,20
25,valid,002466.SZ,天齐锂业,51.62191714251,0.9971910112359551,5,0.05,pure_stagewise_score_top20,pure_stagewise_score,20
25,valid,600309.SH,万华化学,28.0961136199761,0.9964887640449438,6,0.05,pure_stagewise_score_top20,pure_stagewise_score,20
25,valid,002030.SZ,达安基因,-3.13586175540652,0.9957865168539326,7,0.05,pure_stagewise_score_top20,pure_stagewise_score,20
25,valid,000933.SZ,神火股份,-7.34488043508069,0.9950842696629213,8,0.05,pure_stagewise_score_top20,pure_stagewise_score,20
25,valid,600096.SH,云天化,16.1623616236162,0.9943820224719101,9,0.05,pure_stagewise_score_top20,pure_stagewise_score,20
25,valid,002064.SZ,华峰化学,-3.4183895351884,0.9936797752808989,10,0.05,pure_stagewise_score_top20,pure_stagewise_score,20
25,valid,600426.SH,华鲁恒升,-9.06658956717167,0.9929775280898876,11,0.05,pure_stagewise_score_top20,pure_stagewise_score,20
25,valid,600141.SH,兴发集团,24.1932288129987,0.9922752808988764,12,0.05,pure_stagewise_score_top20,pure_stagewise_score,20
25,valid,601636.SH,旗滨集团,6.60251615706791,0.9915730337078652,13,0.05,pure_stagewise_score_top20,pure_stagewise_score,20
25,valid,000683.SZ,远兴能源,10.5116690913044,0.9908707865168539,14,0.05,pure_stagewise_score_top20,pure_stagewise_score,20
25,valid,002601.SZ,龙佰集团,-8.71751526265007,0.9901685393258427,15,0.05,pure_stagewise_score_top20,pure_stagewise_score,20
25,valid,000723.SZ,美锦能源,-5.89018891548923,0.9894662921348315,16,0.05,pure_stagewise_score_top20,pure_stagewise_score,20
25,valid,600295.SH,鄂尔多斯,9.81332180370813,0.9887640449438202,17,0.05,pure_stagewise_score_top20,pure_stagewise_score,20
25,valid,002304.SZ,洋河股份,40.3366670893255,0.988061797752809,18,0.05,pure_stagewise_score_top20,pure_stagewise_score,20
25,valid,002648.SZ,卫星化学,-8.62764983983625,0.9873595505617978,19,0.05,pure_stagewise_score_top20,pure_stagewise_score,20
25,valid,600346.SH,恒力石化,11.4934418808524,0.9866573033707865,20,0.05,pure_stagewise_score_top20,pure_stagewise_score,20
26,test,600961.SH,株冶集团,-23.5798499464094,1.0,1,0.05,pure_stagewise_score_top20,pure_stagewise_score,20
26,test,600361.SH,创新新材,3.24675324675325,0.9992977528089888,2,0.05,pure_stagewise_score_top20,pure_stagewise_score,20
26,test,603889.SH,新澳股份,17.44,0.9985955056179775,3,0.05,pure_stagewise_score_top20,pure_stagewise_score,20
26,test,002488.SZ,金固股份,-2.07407407407406,0.9978932584269663,4,0.05,pure_stagewise_score_top20,pure_stagewise_score,20
26,test,600810.SH,神马股份,-11.6926503340757,0.9971910112359551,5,0.05,pure_stagewise_score_top20,pure_stagewise_score,20
26,test,601339.SH,百隆东方,14.4268774703557,0.9964887640449438,6,0.05,pure_stagewise_score_top20,pure_stagewise_score,20
26,test,603002.SH,宏昌电子,-5.7142857142857,0.9957865168539326,7,0.05,pure_stagewise_score_top20,pure_stagewise_score,20
26,test,002164.SZ,宁波东力,-3.50262697022767,0.9950842696629213,8,0.05,pure_stagewise_score_top20,pure_stagewise_score,20
26,test,600319.SH,亚星化学,-9.13793103448275,0.9943820224719101,9,0.05,pure_stagewise_score_top20,pure_stagewise_score,20
26,test,601388.SH,怡球资源,8.85714285714288,0.9936797752808989,10,0.05,pure_stagewise_score_top20,pure_stagewise_score,20
26,test,000932.SZ,华菱钢铁,-19.8428290766208,0.9929775280898876,11,0.05,pure_stagewise_score_top20,pure_stagewise_score,20
26,test,002105.SZ,信隆健康,-16.7948717948718,0.9922752808988764,12,0.05,pure_stagewise_score_top20,pure_stagewise_score,20
26,test,000789.SZ,万年青,-14.8837209302326,0.9915730337078652,13,0.05,pure_stagewise_score_top20,pure_stagewise_score,20
26,test,600987.SH,航民股份,29.7951582867784,0.9908707865168539,14,0.05,pure_stagewise_score_top20,pure_stagewise_score,20
26,test,000731.SZ,四川美丰,-2.86343612334802,0.9901685393258427,15,0.05,pure_stagewise_score_top20,pure_stagewise_score,20
26,test,000877.SZ,天山股份,-27.3098937040065,0.9894662921348315,16,0.05,pure_stagewise_score_top20,pure_stagewise_score,20
26,test,000529.SZ,广弘控股,-13.2138108157684,0.9887640449438202,17,0.05,pure_stagewise_score_top20,pure_stagewise_score,20
26,test,300158.SZ,振东制药,-26.8148148148148,0.988061797752809,18,0.05,pure_stagewise_score_top20,pure_stagewise_score,20
26,test,601233.SH,桐昆股份,-12.7812342729924,0.9873595505617978,19,0.05,pure_stagewise_score_top20,pure_stagewise_score,20
26,test,600731.SH,湖南海利,-2.22531293463143,0.9866573033707865,20,0.05,pure_stagewise_score_top20,pure_stagewise_score,20
27,test,600961.SH,株冶集团,-0.420757363253854,1.0,1,0.05,pure_stagewise_score_top20,pure_stagewise_score,20
27,test,002427.SZ,尤夫股份,-19.8795180722891,0.9992977528089888,2,0.05,pure_stagewise_score_top20,pure_stagewise_score,20
27,test,000016.SZ,深康佳A,-7.39219712525668,0.9985955056179775,3,0.05,pure_stagewise_score_top20,pure_stagewise_score,20
27,test,000404.SZ,长虹华意,12.3456790123457,0.9978932584269663,4,0.05,pure_stagewise_score_top20,pure_stagewise_score,20
27,test,002042.SZ,华孚时尚,-4.08805031446543,0.9971910112359551,5,0.05,pure_stagewise_score_top20,pure_stagewise_score,20
27,test,600361.SH,创新新材,1.67785234899327,0.9964887640449438,6,0.05,pure_stagewise_score_top20,pure_stagewise_score,20
27,test,000932.SZ,华菱钢铁,16.0493827160494,0.9957865168539326,7,0.05,pure_stagewise_score_top20,pure_stagewise_score,20
27,test,600782.SH,新钢股份,6.78851174934725,0.9950842696629213,8,0.05,pure_stagewise_score_top20,pure_stagewise_score,20
27,test,002295.SZ,精艺股份,2.32558139534882,0.9943820224719101,9,0.05,pure_stagewise_score_top20,pure_stagewise_score,20
27,test,000529.SZ,广弘控股,46.1666666666666,0.9936797752808989,10,0.05,pure_stagewise_score_top20,pure_stagewise_score,20
27,test,002478.SZ,常宝股份,0.896057347670243,0.9929775280898876,11,0.05,pure_stagewise_score_top20,pure_stagewise_score,20
27,test,002533.SZ,金杯电工,-4.57413249211356,0.9922752808988764,12,0.05,pure_stagewise_score_top20,pure_stagewise_score,20
27,test,600742.SH,一汽富维,3.98009950248757,0.9915730337078652,13,0.05,pure_stagewise_score_top20,pure_stagewise_score,20
27,test,000030.SZ,富奥股份,1.61662817551964,0.9908707865168539,14,0.05,pure_stagewise_score_top20,pure_stagewise_score,20
27,test,600531.SH,豫光金铅,-1.69811320754716,0.9901685393258427,15,0.05,pure_stagewise_score_top20,pure_stagewise_score,20
27,test,000630.SZ,铜陵有色,20.0,0.9894662921348315,16,0.05,pure_stagewise_score_top20,pure_stagewise_score,20
27,test,002328.SZ,新朋股份,-5.4820415879017,0.9887640449438202,17,0.05,pure_stagewise_score_top20,pure_stagewise_score,20
27,test,600470.SH,六国化工,-4.35458786936235,0.988061797752809,18,0.05,pure_stagewise_score_top20,pure_stagewise_score,20
27,test,002488.SZ,金固股份,-10.9144542772861,0.9873595505617978,19,0.05,pure_stagewise_score_top20,pure_stagewise_score,20
27,test,600362.SH,江西铜业,15.2777777777778,0.9866573033707865,20,0.05,pure_stagewise_score_top20,pure_stagewise_score,20
28,test,600961.SH,株冶集团,17.0422535211268,1.0,1,0.05,pure_stagewise_score_top20,pure_stagewise_score,20
28,test,002427.SZ,尤夫股份,1.20300751879698,0.9992977528089888,2,0.05,pure_stagewise_score_top20,pure_stagewise_score,20
28,test,600740.SH,山西焦化,2.40295748613679,0.9985955056179775,3,0.05,pure_stagewise_score_top20,pure_stagewise_score,20
28,test,000529.SZ,广弘控股,-6.95553021664766,0.9978932584269663,4,0.05,pure_stagewise_score_top20,pure_stagewise_score,20
28,test,601339.SH,百隆东方,21.2280701754386,0.9971910112359551,5,0.05,pure_stagewise_score_top20,pure_stagewise_score,20
28,test,000932.SZ,华菱钢铁,18.5106382978723,0.9964887640449438,6,0.05,pure_stagewise_score_top20,pure_stagewise_score,20
28,test,000680.SZ,山推股份,12.8329297820823,0.9957865168539326,7,0.05,pure_stagewise_score_top20,pure_stagewise_score,20
28,test,600888.SH,新疆众和,5.86080586080586,0.9950842696629213,8,0.05,pure_stagewise_score_top20,pure_stagewise_score,20
28,test,600741.SH,华域汽车,-3.40450086555107,0.9943820224719101,9,0.05,pure_stagewise_score_top20,pure_stagewise_score,20
28,test,600251.SH,冠农股份,0.951248513674186,0.9936797752808989,10,0.05,pure_stagewise_score_top20,pure_stagewise_score,20
28,test,600997.SH,开滦股份,2.94985250737463,0.9929775280898876,11,0.05,pure_stagewise_score_top20,pure_stagewise_score,20
28,test,600496.SH,精工钢构,0.75949367088608,0.9922752808988764,12,0.05,pure_stagewise_score_top20,pure_stagewise_score,20
28,test,600177.SH,雅戈尔,3.00157977883095,0.9915730337078652,13,0.05,pure_stagewise_score_top20,pure_stagewise_score,20
28,test,601717.SH,郑煤机,25.9856630824373,0.9908707865168539,14,0.05,pure_stagewise_score_top20,pure_stagewise_score,20
28,test,002078.SZ,太阳纸业,5.81597222222223,0.9901685393258427,15,0.05,pure_stagewise_score_top20,pure_stagewise_score,20
28,test,603002.SH,宏昌电子,16.7002012072434,0.9894662921348315,16,0.05,pure_stagewise_score_top20,pure_stagewise_score,20
28,test,000830.SZ,鲁西化工,10.1694915254237,0.9887640449438202,17,0.05,pure_stagewise_score_top20,pure_stagewise_score,20
28,test,600345.SH,长江通信,29.2714377820761,0.988061797752809,18,0.05,pure_stagewise_score_top20,pure_stagewise_score,20
28,test,600612.SH,老凤祥,26.0981308411215,0.9873595505617978,19,0.05,pure_stagewise_score_top20,pure_stagewise_score,20
28,test,000630.SZ,铜陵有色,3.20512820512822,0.9866573033707865,20,0.05,pure_stagewise_score_top20,pure_stagewise_score,20
29,test,002427.SZ,尤夫股份,18.2222222222222,1.0,1,0.05,pure_stagewise_score_top20,pure_stagewise_score,20
29,test,002432.SZ,九安医疗,-15.237232808797,0.9992977528089888,2,0.05,pure_stagewise_score_top20,pure_stagewise_score,20
29,test,002022.SZ,科华生物,-10.0945506833191,0.9985955056179775,3,0.05,pure_stagewise_score_top20,pure_stagewise_score,20
29,test,000731.SZ,四川美丰,1.875,0.9978932584269663,4,0.05,pure_stagewise_score_top20,pure_stagewise_score,20
29,test,600177.SH,雅戈尔,5.0199139344453,0.9971910112359551,5,0.05,pure_stagewise_score_top20,pure_stagewise_score,20
29,test,600295.SH,鄂尔多斯,-9.55443341396891,0.9964887640449438,6,0.05,pure_stagewise_score_top20,pure_stagewise_score,20
29,test,600141.SH,兴发集团,-24.126339745717,0.9957865168539326,7,0.05,pure_stagewise_score_top20,pure_stagewise_score,20
29,test,600740.SH,山西焦化,-3.0478779464725,0.9950842696629213,8,0.05,pure_stagewise_score_top20,pure_stagewise_score,20
29,test,000822.SZ,山东海化,-10.2048722822029,0.9943820224719101,9,0.05,pure_stagewise_score_top20,pure_stagewise_score,20
29,test,000726.SZ,鲁泰A,-13.8408530425402,0.9936797752808989,10,0.05,pure_stagewise_score_top20,pure_stagewise_score,20
29,test,603077.SH,和邦生物,-16.8460088640684,0.9929775280898876,11,0.05,pure_stagewise_score_top20,pure_stagewise_score,20
29,test,600582.SH,天地科技,13.7374683453275,0.9922752808988764,12,0.05,pure_stagewise_score_top20,pure_stagewise_score,20
29,test,002346.SZ,柘中股份,-5.82891748675248,0.9915730337078652,13,0.05,pure_stagewise_score_top20,pure_stagewise_score,20
29,test,002030.SZ,达安基因,-27.6730294909207,0.9908707865168539,14,0.05,pure_stagewise_score_top20,pure_stagewise_score,20
29,test,002258.SZ,利尔化学,-22.2192488414066,0.9901685393258427,15,0.05,pure_stagewise_score_top20,pure_stagewise_score,20
29,test,600720.SH,中交设计,7.16305372290289,0.9894662921348315,16,0.05,pure_stagewise_score_top20,pure_stagewise_score,20
29,test,600668.SH,尖峰集团,-5.49630844954882,0.9887640449438202,17,0.05,pure_stagewise_score_top20,pure_stagewise_score,20
29,test,600089.SH,特变电工,2.57708237459733,0.988061797752809,18,0.05,pure_stagewise_score_top20,pure_stagewise_score,20
29,test,000672.SZ,上峰水泥,-18.1367952866317,0.9873595505617978,19,0.05,pure_stagewise_score_top20,pure_stagewise_score,20
29,test,600997.SH,开滦股份,-7.88203629684527,0.9866573033707865,20,0.05,pure_stagewise_score_top20,pure_stagewise_score,20
30,test,000529.SZ,广弘控股,6.5390749601276,1.0,1,0.05,pure_stagewise_score_top20,pure_stagewise_score,20
30,test,000726.SZ,鲁泰A,1.35135135135136,0.9992977528089888,2,0.05,pure_stagewise_score_top20,pure_stagewise_score,20
30,test,601339.SH,百隆东方,0.179533213644523,0.9985955056179775,3,0.05,pure_stagewise_score_top20,pure_stagewise_score,20
30,test,600888.SH,新疆众和,1.78799489144317,0.9978932584269663,4,0.05,pure_stagewise_score_top20,pure_stagewise_score,20
30,test,002478.SZ,常宝股份,-10.0407055630936,0.9971910112359551,5,0.05,pure_stagewise_score_top20,pure_stagewise_score,20
30,test,000550.SZ,江铃汽车,28.2450938665938,0.9964887640449438,6,0.05,pure_stagewise_score_top20,pure_stagewise_score,20
30,test,000055.SZ,方大集团,3.44086021505374,0.9957865168539326,7,0.05,pure_stagewise_score_top20,pure_stagewise_score,20
30,test,600295.SH,鄂尔多斯,0.770077007700753,0.9950842696629213,8,0.05,pure_stagewise_score_top20,pure_stagewise_score,20
30,test,002022.SZ,科华生物,-13.5446685878963,0.9943820224719101,9,0.05,pure_stagewise_score_top20,pure_stagewise_score,20
30,test,300230.SZ,永利股份,11.3960113960114,0.9936797752808989,10,0.05,pure_stagewise_score_top20,pure_stagewise_score,20
30,test,600496.SH,精工钢构,-1.09289617486338,0.9929775280898876,11,0.05,pure_stagewise_score_top20,pure_stagewise_score,20
30,test,600526.SH,菲达环保,2.3012552301255,0.9922752808988764,12,0.05,pure_stagewise_score_top20,pure_stagewise_score,20
30,test,002394.SZ,联发股份,4.30107526881722,0.9915730337078652,13,0.05,pure_stagewise_score_top20,pure_stagewise_score,20
30,test,002048.SZ,宁波华翔,7.2987208427389,0.9908707865168539,14,0.05,pure_stagewise_score_top20,pure_stagewise_score,20
30,test,601717.SH,郑煤机,5.06024096385542,0.9901685393258427,15,0.05,pure_stagewise_score_top20,pure_stagewise_score,20
30,test,000012.SZ,南玻A,-1.97231685261359,0.9894662921348315,16,0.05,pure_stagewise_score_top20,pure_stagewise_score,20
30,test,600740.SH,山西焦化,2.73972602739725,0.9887640449438202,17,0.05,pure_stagewise_score_top20,pure_stagewise_score,20
30,test,000822.SZ,山东海化,-2.38095238095239,0.988061797752809,18,0.05,pure_stagewise_score_top20,pure_stagewise_score,20
30,test,600741.SH,华域汽车,6.61192937201904,0.9873595505617978,19,0.05,pure_stagewise_score_top20,pure_stagewise_score,20
30,test,600894.SH,广日股份,2.10803689064558,0.9866573033707865,20,0.05,pure_stagewise_score_top20,pure_stagewise_score,20
