composite_feature,stock_factor,macro_factor,stock_standardized_column,macro_standardized_column,formula,is_composite
composite_净资产收益率_TTM_x_bm,净资产收益率(TTM),bm,std_stock_净资产收益率_TTM,std_macro_bm,std_stock_净资产收益率_TTM * std_macro_bm,True
composite_净资产收益率_TTM_x_de,净资产收益率(TTM),de,std_stock_净资产收益率_TTM,std_macro_de,std_stock_净资产收益率_TTM * std_macro_de,True
composite_净资产收益率_TTM_x_dp,净资产收益率(TTM),dp,std_stock_净资产收益率_TTM,std_macro_dp,std_stock_净资产收益率_TTM * std_macro_dp,True
composite_净资产收益率_TTM_x_ep,净资产收益率(TTM),ep,std_stock_净资产收益率_TTM,std_macro_ep,std_stock_净资产收益率_TTM * std_macro_ep,True
composite_净资产收益率_TTM_x_infl,净资产收益率(TTM),infl,std_stock_净资产收益率_TTM,std_macro_infl,std_stock_净资产收益率_TTM * std_macro_infl,True
composite_净资产收益率_TTM_x_itgr,净资产收益率(TTM),itgr,std_stock_净资产收益率_TTM,std_macro_itgr,std_stock_净资产收益率_TTM * std_macro_itgr,True
composite_净资产收益率_TTM_x_m2gr,净资产收益率(TTM),m2gr,std_stock_净资产收益率_TTM,std_macro_m2gr,std_stock_净资产收益率_TTM * std_macro_m2gr,True
composite_净资产收益率_TTM_x_mtr,净资产收益率(TTM),mtr,std_stock_净资产收益率_TTM,std_macro_mtr,std_stock_净资产收益率_TTM * std_macro_mtr,True
composite_净资产收益率_TTM_x_ntis,净资产收益率(TTM),ntis,std_stock_净资产收益率_TTM,std_macro_ntis,std_stock_净资产收益率_TTM * std_macro_ntis,True
composite_净资产收益率_TTM_x_svar,净资产收益率(TTM),svar,std_stock_净资产收益率_TTM,std_macro_svar,std_stock_净资产收益率_TTM * std_macro_svar,True
composite_净资产收益率_TTM_x_tms,净资产收益率(TTM),tms,std_stock_净资产收益率_TTM,std_macro_tms,std_stock_净资产收益率_TTM * std_macro_tms,True
composite_总资产报酬率_TTM_x_bm,总资产报酬率(TTM),bm,std_stock_总资产报酬率_TTM,std_macro_bm,std_stock_总资产报酬率_TTM * std_macro_bm,True
composite_总资产报酬率_TTM_x_de,总资产报酬率(TTM),de,std_stock_总资产报酬率_TTM,std_macro_de,std_stock_总资产报酬率_TTM * std_macro_de,True
composite_总资产报酬率_TTM_x_dp,总资产报酬率(TTM),dp,std_stock_总资产报酬率_TTM,std_macro_dp,std_stock_总资产报酬率_TTM * std_macro_dp,True
composite_总资产报酬率_TTM_x_ep,总资产报酬率(TTM),ep,std_stock_总资产报酬率_TTM,std_macro_ep,std_stock_总资产报酬率_TTM * std_macro_ep,True
composite_总资产报酬率_TTM_x_infl,总资产报酬率(TTM),infl,std_stock_总资产报酬率_TTM,std_macro_infl,std_stock_总资产报酬率_TTM * std_macro_infl,True
composite_总资产报酬率_TTM_x_itgr,总资产报酬率(TTM),itgr,std_stock_总资产报酬率_TTM,std_macro_itgr,std_stock_总资产报酬率_TTM * std_macro_itgr,True
composite_总资产报酬率_TTM_x_m2gr,总资产报酬率(TTM),m2gr,std_stock_总资产报酬率_TTM,std_macro_m2gr,std_stock_总资产报酬率_TTM * std_macro_m2gr,True
composite_总资产报酬率_TTM_x_mtr,总资产报酬率(TTM),mtr,std_stock_总资产报酬率_TTM,std_macro_mtr,std_stock_总资产报酬率_TTM * std_macro_mtr,True
composite_总资产报酬率_TTM_x_ntis,总资产报酬率(TTM),ntis,std_stock_总资产报酬率_TTM,std_macro_ntis,std_stock_总资产报酬率_TTM * std_macro_ntis,True
composite_总资产报酬率_TTM_x_svar,总资产报酬率(TTM),svar,std_stock_总资产报酬率_TTM,std_macro_svar,std_stock_总资产报酬率_TTM * std_macro_svar,True
composite_总资产报酬率_TTM_x_tms,总资产报酬率(TTM),tms,std_stock_总资产报酬率_TTM,std_macro_tms,std_stock_总资产报酬率_TTM * std_macro_tms,True
composite_销售净利率_TTM_x_bm,销售净利率(TTM),bm,std_stock_销售净利率_TTM,std_macro_bm,std_stock_销售净利率_TTM * std_macro_bm,True
composite_销售净利率_TTM_x_de,销售净利率(TTM),de,std_stock_销售净利率_TTM,std_macro_de,std_stock_销售净利率_TTM * std_macro_de,True
composite_销售净利率_TTM_x_dp,销售净利率(TTM),dp,std_stock_销售净利率_TTM,std_macro_dp,std_stock_销售净利率_TTM * std_macro_dp,True
composite_销售净利率_TTM_x_ep,销售净利率(TTM),ep,std_stock_销售净利率_TTM,std_macro_ep,std_stock_销售净利率_TTM * std_macro_ep,True
composite_销售净利率_TTM_x_infl,销售净利率(TTM),infl,std_stock_销售净利率_TTM,std_macro_infl,std_stock_销售净利率_TTM * std_macro_infl,True
composite_销售净利率_TTM_x_itgr,销售净利率(TTM),itgr,std_stock_销售净利率_TTM,std_macro_itgr,std_stock_销售净利率_TTM * std_macro_itgr,True
composite_销售净利率_TTM_x_m2gr,销售净利率(TTM),m2gr,std_stock_销售净利率_TTM,std_macro_m2gr,std_stock_销售净利率_TTM * std_macro_m2gr,True
composite_销售净利率_TTM_x_mtr,销售净利率(TTM),mtr,std_stock_销售净利率_TTM,std_macro_mtr,std_stock_销售净利率_TTM * std_macro_mtr,True
composite_销售净利率_TTM_x_ntis,销售净利率(TTM),ntis,std_stock_销售净利率_TTM,std_macro_ntis,std_stock_销售净利率_TTM * std_macro_ntis,True
composite_销售净利率_TTM_x_svar,销售净利率(TTM),svar,std_stock_销售净利率_TTM,std_macro_svar,std_stock_销售净利率_TTM * std_macro_svar,True
composite_销售净利率_TTM_x_tms,销售净利率(TTM),tms,std_stock_销售净利率_TTM,std_macro_tms,std_stock_销售净利率_TTM * std_macro_tms,True
composite_销售毛利率_TTM_x_bm,销售毛利率(TTM),bm,std_stock_销售毛利率_TTM,std_macro_bm,std_stock_销售毛利率_TTM * std_macro_bm,True
composite_销售毛利率_TTM_x_de,销售毛利率(TTM),de,std_stock_销售毛利率_TTM,std_macro_de,std_stock_销售毛利率_TTM * std_macro_de,True
composite_销售毛利率_TTM_x_dp,销售毛利率(TTM),dp,std_stock_销售毛利率_TTM,std_macro_dp,std_stock_销售毛利率_TTM * std_macro_dp,True
composite_销售毛利率_TTM_x_ep,销售毛利率(TTM),ep,std_stock_销售毛利率_TTM,std_macro_ep,std_stock_销售毛利率_TTM * std_macro_ep,True
composite_销售毛利率_TTM_x_infl,销售毛利率(TTM),infl,std_stock_销售毛利率_TTM,std_macro_infl,std_stock_销售毛利率_TTM * std_macro_infl,True
composite_销售毛利率_TTM_x_itgr,销售毛利率(TTM),itgr,std_stock_销售毛利率_TTM,std_macro_itgr,std_stock_销售毛利率_TTM * std_macro_itgr,True
composite_销售毛利率_TTM_x_m2gr,销售毛利率(TTM),m2gr,std_stock_销售毛利率_TTM,std_macro_m2gr,std_stock_销售毛利率_TTM * std_macro_m2gr,True
composite_销售毛利率_TTM_x_mtr,销售毛利率(TTM),mtr,std_stock_销售毛利率_TTM,std_macro_mtr,std_stock_销售毛利率_TTM * std_macro_mtr,True
composite_销售毛利率_TTM_x_ntis,销售毛利率(TTM),ntis,std_stock_销售毛利率_TTM,std_macro_ntis,std_stock_销售毛利率_TTM * std_macro_ntis,True
composite_销售毛利率_TTM_x_svar,销售毛利率(TTM),svar,std_stock_销售毛利率_TTM,std_macro_svar,std_stock_销售毛利率_TTM * std_macro_svar,True
composite_销售毛利率_TTM_x_tms,销售毛利率(TTM),tms,std_stock_销售毛利率_TTM,std_macro_tms,std_stock_销售毛利率_TTM * std_macro_tms,True
composite_经营活动净收益_利润总额_TTM_x_bm,经营活动净收益/利润总额(TTM),bm,std_stock_经营活动净收益_利润总额_TTM,std_macro_bm,std_stock_经营活动净收益_利润总额_TTM * std_macro_bm,True
composite_经营活动净收益_利润总额_TTM_x_de,经营活动净收益/利润总额(TTM),de,std_stock_经营活动净收益_利润总额_TTM,std_macro_de,std_stock_经营活动净收益_利润总额_TTM * std_macro_de,True
composite_经营活动净收益_利润总额_TTM_x_dp,经营活动净收益/利润总额(TTM),dp,std_stock_经营活动净收益_利润总额_TTM,std_macro_dp,std_stock_经营活动净收益_利润总额_TTM * std_macro_dp,True
composite_经营活动净收益_利润总额_TTM_x_ep,经营活动净收益/利润总额(TTM),ep,std_stock_经营活动净收益_利润总额_TTM,std_macro_ep,std_stock_经营活动净收益_利润总额_TTM * std_macro_ep,True
composite_经营活动净收益_利润总额_TTM_x_infl,经营活动净收益/利润总额(TTM),infl,std_stock_经营活动净收益_利润总额_TTM,std_macro_infl,std_stock_经营活动净收益_利润总额_TTM * std_macro_infl,True
composite_经营活动净收益_利润总额_TTM_x_itgr,经营活动净收益/利润总额(TTM),itgr,std_stock_经营活动净收益_利润总额_TTM,std_macro_itgr,std_stock_经营活动净收益_利润总额_TTM * std_macro_itgr,True
composite_经营活动净收益_利润总额_TTM_x_m2gr,经营活动净收益/利润总额(TTM),m2gr,std_stock_经营活动净收益_利润总额_TTM,std_macro_m2gr,std_stock_经营活动净收益_利润总额_TTM * std_macro_m2gr,True
composite_经营活动净收益_利润总额_TTM_x_mtr,经营活动净收益/利润总额(TTM),mtr,std_stock_经营活动净收益_利润总额_TTM,std_macro_mtr,std_stock_经营活动净收益_利润总额_TTM * std_macro_mtr,True
composite_经营活动净收益_利润总额_TTM_x_ntis,经营活动净收益/利润总额(TTM),ntis,std_stock_经营活动净收益_利润总额_TTM,std_macro_ntis,std_stock_经营活动净收益_利润总额_TTM * std_macro_ntis,True
composite_经营活动净收益_利润总额_TTM_x_svar,经营活动净收益/利润总额(TTM),svar,std_stock_经营活动净收益_利润总额_TTM,std_macro_svar,std_stock_经营活动净收益_利润总额_TTM * std_macro_svar,True
composite_经营活动净收益_利润总额_TTM_x_tms,经营活动净收益/利润总额(TTM),tms,std_stock_经营活动净收益_利润总额_TTM,std_macro_tms,std_stock_经营活动净收益_利润总额_TTM * std_macro_tms,True
composite_营业外收支净额_利润总额_TTM_x_bm,营业外收支净额/利润总额(TTM),bm,std_stock_营业外收支净额_利润总额_TTM,std_macro_bm,std_stock_营业外收支净额_利润总额_TTM * std_macro_bm,True
composite_营业外收支净额_利润总额_TTM_x_de,营业外收支净额/利润总额(TTM),de,std_stock_营业外收支净额_利润总额_TTM,std_macro_de,std_stock_营业外收支净额_利润总额_TTM * std_macro_de,True
composite_营业外收支净额_利润总额_TTM_x_dp,营业外收支净额/利润总额(TTM),dp,std_stock_营业外收支净额_利润总额_TTM,std_macro_dp,std_stock_营业外收支净额_利润总额_TTM * std_macro_dp,True
composite_营业外收支净额_利润总额_TTM_x_ep,营业外收支净额/利润总额(TTM),ep,std_stock_营业外收支净额_利润总额_TTM,std_macro_ep,std_stock_营业外收支净额_利润总额_TTM * std_macro_ep,True
composite_营业外收支净额_利润总额_TTM_x_infl,营业外收支净额/利润总额(TTM),infl,std_stock_营业外收支净额_利润总额_TTM,std_macro_infl,std_stock_营业外收支净额_利润总额_TTM * std_macro_infl,True
composite_营业外收支净额_利润总额_TTM_x_itgr,营业外收支净额/利润总额(TTM),itgr,std_stock_营业外收支净额_利润总额_TTM,std_macro_itgr,std_stock_营业外收支净额_利润总额_TTM * std_macro_itgr,True
composite_营业外收支净额_利润总额_TTM_x_m2gr,营业外收支净额/利润总额(TTM),m2gr,std_stock_营业外收支净额_利润总额_TTM,std_macro_m2gr,std_stock_营业外收支净额_利润总额_TTM * std_macro_m2gr,True
composite_营业外收支净额_利润总额_TTM_x_mtr,营业外收支净额/利润总额(TTM),mtr,std_stock_营业外收支净额_利润总额_TTM,std_macro_mtr,std_stock_营业外收支净额_利润总额_TTM * std_macro_mtr,True
composite_营业外收支净额_利润总额_TTM_x_ntis,营业外收支净额/利润总额(TTM),ntis,std_stock_营业外收支净额_利润总额_TTM,std_macro_ntis,std_stock_营业外收支净额_利润总额_TTM * std_macro_ntis,True
composite_营业外收支净额_利润总额_TTM_x_svar,营业外收支净额/利润总额(TTM),svar,std_stock_营业外收支净额_利润总额_TTM,std_macro_svar,std_stock_营业外收支净额_利润总额_TTM * std_macro_svar,True
composite_营业外收支净额_利润总额_TTM_x_tms,营业外收支净额/利润总额(TTM),tms,std_stock_营业外收支净额_利润总额_TTM,std_macro_tms,std_stock_营业外收支净额_利润总额_TTM * std_macro_tms,True
composite_营业利润_利润总额_TTM_x_bm,营业利润/利润总额(TTM),bm,std_stock_营业利润_利润总额_TTM,std_macro_bm,std_stock_营业利润_利润总额_TTM * std_macro_bm,True
composite_营业利润_利润总额_TTM_x_de,营业利润/利润总额(TTM),de,std_stock_营业利润_利润总额_TTM,std_macro_de,std_stock_营业利润_利润总额_TTM * std_macro_de,True
composite_营业利润_利润总额_TTM_x_dp,营业利润/利润总额(TTM),dp,std_stock_营业利润_利润总额_TTM,std_macro_dp,std_stock_营业利润_利润总额_TTM * std_macro_dp,True
composite_营业利润_利润总额_TTM_x_ep,营业利润/利润总额(TTM),ep,std_stock_营业利润_利润总额_TTM,std_macro_ep,std_stock_营业利润_利润总额_TTM * std_macro_ep,True
composite_营业利润_利润总额_TTM_x_infl,营业利润/利润总额(TTM),infl,std_stock_营业利润_利润总额_TTM,std_macro_infl,std_stock_营业利润_利润总额_TTM * std_macro_infl,True
composite_营业利润_利润总额_TTM_x_itgr,营业利润/利润总额(TTM),itgr,std_stock_营业利润_利润总额_TTM,std_macro_itgr,std_stock_营业利润_利润总额_TTM * std_macro_itgr,True
composite_营业利润_利润总额_TTM_x_m2gr,营业利润/利润总额(TTM),m2gr,std_stock_营业利润_利润总额_TTM,std_macro_m2gr,std_stock_营业利润_利润总额_TTM * std_macro_m2gr,True
composite_营业利润_利润总额_TTM_x_mtr,营业利润/利润总额(TTM),mtr,std_stock_营业利润_利润总额_TTM,std_macro_mtr,std_stock_营业利润_利润总额_TTM * std_macro_mtr,True
composite_营业利润_利润总额_TTM_x_ntis,营业利润/利润总额(TTM),ntis,std_stock_营业利润_利润总额_TTM,std_macro_ntis,std_stock_营业利润_利润总额_TTM * std_macro_ntis,True
composite_营业利润_利润总额_TTM_x_svar,营业利润/利润总额(TTM),svar,std_stock_营业利润_利润总额_TTM,std_macro_svar,std_stock_营业利润_利润总额_TTM * std_macro_svar,True
composite_营业利润_利润总额_TTM_x_tms,营业利润/利润总额(TTM),tms,std_stock_营业利润_利润总额_TTM,std_macro_tms,std_stock_营业利润_利润总额_TTM * std_macro_tms,True
composite_利润总额_营业收入_TTM_x_bm,利润总额/营业收入(TTM),bm,std_stock_利润总额_营业收入_TTM,std_macro_bm,std_stock_利润总额_营业收入_TTM * std_macro_bm,True
composite_利润总额_营业收入_TTM_x_de,利润总额/营业收入(TTM),de,std_stock_利润总额_营业收入_TTM,std_macro_de,std_stock_利润总额_营业收入_TTM * std_macro_de,True
composite_利润总额_营业收入_TTM_x_dp,利润总额/营业收入(TTM),dp,std_stock_利润总额_营业收入_TTM,std_macro_dp,std_stock_利润总额_营业收入_TTM * std_macro_dp,True
composite_利润总额_营业收入_TTM_x_ep,利润总额/营业收入(TTM),ep,std_stock_利润总额_营业收入_TTM,std_macro_ep,std_stock_利润总额_营业收入_TTM * std_macro_ep,True
composite_利润总额_营业收入_TTM_x_infl,利润总额/营业收入(TTM),infl,std_stock_利润总额_营业收入_TTM,std_macro_infl,std_stock_利润总额_营业收入_TTM * std_macro_infl,True
composite_利润总额_营业收入_TTM_x_itgr,利润总额/营业收入(TTM),itgr,std_stock_利润总额_营业收入_TTM,std_macro_itgr,std_stock_利润总额_营业收入_TTM * std_macro_itgr,True
composite_利润总额_营业收入_TTM_x_m2gr,利润总额/营业收入(TTM),m2gr,std_stock_利润总额_营业收入_TTM,std_macro_m2gr,std_stock_利润总额_营业收入_TTM * std_macro_m2gr,True
composite_利润总额_营业收入_TTM_x_mtr,利润总额/营业收入(TTM),mtr,std_stock_利润总额_营业收入_TTM,std_macro_mtr,std_stock_利润总额_营业收入_TTM * std_macro_mtr,True
composite_利润总额_营业收入_TTM_x_ntis,利润总额/营业收入(TTM),ntis,std_stock_利润总额_营业收入_TTM,std_macro_ntis,std_stock_利润总额_营业收入_TTM * std_macro_ntis,True
composite_利润总额_营业收入_TTM_x_svar,利润总额/营业收入(TTM),svar,std_stock_利润总额_营业收入_TTM,std_macro_svar,std_stock_利润总额_营业收入_TTM * std_macro_svar,True
composite_利润总额_营业收入_TTM_x_tms,利润总额/营业收入(TTM),tms,std_stock_利润总额_营业收入_TTM,std_macro_tms,std_stock_利润总额_营业收入_TTM * std_macro_tms,True
composite_经营活动产生的现金流量净额_营业收入_TTM_x_bm,经营活动产生的现金流量净额/营业收入(TTM),bm,std_stock_经营活动产生的现金流量净额_营业收入_TTM,std_macro_bm,std_stock_经营活动产生的现金流量净额_营业收入_TTM * std_macro_bm,True
composite_经营活动产生的现金流量净额_营业收入_TTM_x_de,经营活动产生的现金流量净额/营业收入(TTM),de,std_stock_经营活动产生的现金流量净额_营业收入_TTM,std_macro_de,std_stock_经营活动产生的现金流量净额_营业收入_TTM * std_macro_de,True
composite_经营活动产生的现金流量净额_营业收入_TTM_x_dp,经营活动产生的现金流量净额/营业收入(TTM),dp,std_stock_经营活动产生的现金流量净额_营业收入_TTM,std_macro_dp,std_stock_经营活动产生的现金流量净额_营业收入_TTM * std_macro_dp,True
composite_经营活动产生的现金流量净额_营业收入_TTM_x_ep,经营活动产生的现金流量净额/营业收入(TTM),ep,std_stock_经营活动产生的现金流量净额_营业收入_TTM,std_macro_ep,std_stock_经营活动产生的现金流量净额_营业收入_TTM * std_macro_ep,True
composite_经营活动产生的现金流量净额_营业收入_TTM_x_infl,经营活动产生的现金流量净额/营业收入(TTM),infl,std_stock_经营活动产生的现金流量净额_营业收入_TTM,std_macro_infl,std_stock_经营活动产生的现金流量净额_营业收入_TTM * std_macro_infl,True
composite_经营活动产生的现金流量净额_营业收入_TTM_x_itgr,经营活动产生的现金流量净额/营业收入(TTM),itgr,std_stock_经营活动产生的现金流量净额_营业收入_TTM,std_macro_itgr,std_stock_经营活动产生的现金流量净额_营业收入_TTM * std_macro_itgr,True
composite_经营活动产生的现金流量净额_营业收入_TTM_x_m2gr,经营活动产生的现金流量净额/营业收入(TTM),m2gr,std_stock_经营活动产生的现金流量净额_营业收入_TTM,std_macro_m2gr,std_stock_经营活动产生的现金流量净额_营业收入_TTM * std_macro_m2gr,True
composite_经营活动产生的现金流量净额_营业收入_TTM_x_mtr,经营活动产生的现金流量净额/营业收入(TTM),mtr,std_stock_经营活动产生的现金流量净额_营业收入_TTM,std_macro_mtr,std_stock_经营活动产生的现金流量净额_营业收入_TTM * std_macro_mtr,True
composite_经营活动产生的现金流量净额_营业收入_TTM_x_ntis,经营活动产生的现金流量净额/营业收入(TTM),ntis,std_stock_经营活动产生的现金流量净额_营业收入_TTM,std_macro_ntis,std_stock_经营活动产生的现金流量净额_营业收入_TTM * std_macro_ntis,True
composite_经营活动产生的现金流量净额_营业收入_TTM_x_svar,经营活动产生的现金流量净额/营业收入(TTM),svar,std_stock_经营活动产生的现金流量净额_营业收入_TTM,std_macro_svar,std_stock_经营活动产生的现金流量净额_营业收入_TTM * std_macro_svar,True
composite_经营活动产生的现金流量净额_营业收入_TTM_x_tms,经营活动产生的现金流量净额/营业收入(TTM),tms,std_stock_经营活动产生的现金流量净额_营业收入_TTM,std_macro_tms,std_stock_经营活动产生的现金流量净额_营业收入_TTM * std_macro_tms,True
composite_经营活动产生的现金流量净额_营业利润_TTM_x_bm,经营活动产生的现金流量净额/营业利润(TTM),bm,std_stock_经营活动产生的现金流量净额_营业利润_TTM,std_macro_bm,std_stock_经营活动产生的现金流量净额_营业利润_TTM * std_macro_bm,True
composite_经营活动产生的现金流量净额_营业利润_TTM_x_de,经营活动产生的现金流量净额/营业利润(TTM),de,std_stock_经营活动产生的现金流量净额_营业利润_TTM,std_macro_de,std_stock_经营活动产生的现金流量净额_营业利润_TTM * std_macro_de,True
composite_经营活动产生的现金流量净额_营业利润_TTM_x_dp,经营活动产生的现金流量净额/营业利润(TTM),dp,std_stock_经营活动产生的现金流量净额_营业利润_TTM,std_macro_dp,std_stock_经营活动产生的现金流量净额_营业利润_TTM * std_macro_dp,True
composite_经营活动产生的现金流量净额_营业利润_TTM_x_ep,经营活动产生的现金流量净额/营业利润(TTM),ep,std_stock_经营活动产生的现金流量净额_营业利润_TTM,std_macro_ep,std_stock_经营活动产生的现金流量净额_营业利润_TTM * std_macro_ep,True
composite_经营活动产生的现金流量净额_营业利润_TTM_x_infl,经营活动产生的现金流量净额/营业利润(TTM),infl,std_stock_经营活动产生的现金流量净额_营业利润_TTM,std_macro_infl,std_stock_经营活动产生的现金流量净额_营业利润_TTM * std_macro_infl,True
composite_经营活动产生的现金流量净额_营业利润_TTM_x_itgr,经营活动产生的现金流量净额/营业利润(TTM),itgr,std_stock_经营活动产生的现金流量净额_营业利润_TTM,std_macro_itgr,std_stock_经营活动产生的现金流量净额_营业利润_TTM * std_macro_itgr,True
composite_经营活动产生的现金流量净额_营业利润_TTM_x_m2gr,经营活动产生的现金流量净额/营业利润(TTM),m2gr,std_stock_经营活动产生的现金流量净额_营业利润_TTM,std_macro_m2gr,std_stock_经营活动产生的现金流量净额_营业利润_TTM * std_macro_m2gr,True
composite_经营活动产生的现金流量净额_营业利润_TTM_x_mtr,经营活动产生的现金流量净额/营业利润(TTM),mtr,std_stock_经营活动产生的现金流量净额_营业利润_TTM,std_macro_mtr,std_stock_经营活动产生的现金流量净额_营业利润_TTM * std_macro_mtr,True
composite_经营活动产生的现金流量净额_营业利润_TTM_x_ntis,经营活动产生的现金流量净额/营业利润(TTM),ntis,std_stock_经营活动产生的现金流量净额_营业利润_TTM,std_macro_ntis,std_stock_经营活动产生的现金流量净额_营业利润_TTM * std_macro_ntis,True
composite_经营活动产生的现金流量净额_营业利润_TTM_x_svar,经营活动产生的现金流量净额/营业利润(TTM),svar,std_stock_经营活动产生的现金流量净额_营业利润_TTM,std_macro_svar,std_stock_经营活动产生的现金流量净额_营业利润_TTM * std_macro_svar,True
composite_经营活动产生的现金流量净额_营业利润_TTM_x_tms,经营活动产生的现金流量净额/营业利润(TTM),tms,std_stock_经营活动产生的现金流量净额_营业利润_TTM,std_macro_tms,std_stock_经营活动产生的现金流量净额_营业利润_TTM * std_macro_tms,True
composite_营业收入_1年_增长率_x_bm,营业收入(1年，增长率),bm,std_stock_营业收入_1年_增长率,std_macro_bm,std_stock_营业收入_1年_增长率 * std_macro_bm,True
composite_营业收入_1年_增长率_x_de,营业收入(1年，增长率),de,std_stock_营业收入_1年_增长率,std_macro_de,std_stock_营业收入_1年_增长率 * std_macro_de,True
composite_营业收入_1年_增长率_x_dp,营业收入(1年，增长率),dp,std_stock_营业收入_1年_增长率,std_macro_dp,std_stock_营业收入_1年_增长率 * std_macro_dp,True
composite_营业收入_1年_增长率_x_ep,营业收入(1年，增长率),ep,std_stock_营业收入_1年_增长率,std_macro_ep,std_stock_营业收入_1年_增长率 * std_macro_ep,True
composite_营业收入_1年_增长率_x_infl,营业收入(1年，增长率),infl,std_stock_营业收入_1年_增长率,std_macro_infl,std_stock_营业收入_1年_增长率 * std_macro_infl,True
composite_营业收入_1年_增长率_x_itgr,营业收入(1年，增长率),itgr,std_stock_营业收入_1年_增长率,std_macro_itgr,std_stock_营业收入_1年_增长率 * std_macro_itgr,True
composite_营业收入_1年_增长率_x_m2gr,营业收入(1年，增长率),m2gr,std_stock_营业收入_1年_增长率,std_macro_m2gr,std_stock_营业收入_1年_增长率 * std_macro_m2gr,True
composite_营业收入_1年_增长率_x_mtr,营业收入(1年，增长率),mtr,std_stock_营业收入_1年_增长率,std_macro_mtr,std_stock_营业收入_1年_增长率 * std_macro_mtr,True
composite_营业收入_1年_增长率_x_ntis,营业收入(1年，增长率),ntis,std_stock_营业收入_1年_增长率,std_macro_ntis,std_stock_营业收入_1年_增长率 * std_macro_ntis,True
composite_营业收入_1年_增长率_x_svar,营业收入(1年，增长率),svar,std_stock_营业收入_1年_增长率,std_macro_svar,std_stock_营业收入_1年_增长率 * std_macro_svar,True
composite_营业收入_1年_增长率_x_tms,营业收入(1年，增长率),tms,std_stock_营业收入_1年_增长率,std_macro_tms,std_stock_营业收入_1年_增长率 * std_macro_tms,True
composite_营业利润_1年_增长率_x_bm,营业利润(1年，增长率),bm,std_stock_营业利润_1年_增长率,std_macro_bm,std_stock_营业利润_1年_增长率 * std_macro_bm,True
composite_营业利润_1年_增长率_x_de,营业利润(1年，增长率),de,std_stock_营业利润_1年_增长率,std_macro_de,std_stock_营业利润_1年_增长率 * std_macro_de,True
composite_营业利润_1年_增长率_x_dp,营业利润(1年，增长率),dp,std_stock_营业利润_1年_增长率,std_macro_dp,std_stock_营业利润_1年_增长率 * std_macro_dp,True
composite_营业利润_1年_增长率_x_ep,营业利润(1年，增长率),ep,std_stock_营业利润_1年_增长率,std_macro_ep,std_stock_营业利润_1年_增长率 * std_macro_ep,True
composite_营业利润_1年_增长率_x_infl,营业利润(1年，增长率),infl,std_stock_营业利润_1年_增长率,std_macro_infl,std_stock_营业利润_1年_增长率 * std_macro_infl,True
composite_营业利润_1年_增长率_x_itgr,营业利润(1年，增长率),itgr,std_stock_营业利润_1年_增长率,std_macro_itgr,std_stock_营业利润_1年_增长率 * std_macro_itgr,True
composite_营业利润_1年_增长率_x_m2gr,营业利润(1年，增长率),m2gr,std_stock_营业利润_1年_增长率,std_macro_m2gr,std_stock_营业利润_1年_增长率 * std_macro_m2gr,True
composite_营业利润_1年_增长率_x_mtr,营业利润(1年，增长率),mtr,std_stock_营业利润_1年_增长率,std_macro_mtr,std_stock_营业利润_1年_增长率 * std_macro_mtr,True
composite_营业利润_1年_增长率_x_ntis,营业利润(1年，增长率),ntis,std_stock_营业利润_1年_增长率,std_macro_ntis,std_stock_营业利润_1年_增长率 * std_macro_ntis,True
composite_营业利润_1年_增长率_x_svar,营业利润(1年，增长率),svar,std_stock_营业利润_1年_增长率,std_macro_svar,std_stock_营业利润_1年_增长率 * std_macro_svar,True
composite_营业利润_1年_增长率_x_tms,营业利润(1年，增长率),tms,std_stock_营业利润_1年_增长率,std_macro_tms,std_stock_营业利润_1年_增长率 * std_macro_tms,True
composite_利润总额_1年_增长率_x_bm,利润总额(1年，增长率),bm,std_stock_利润总额_1年_增长率,std_macro_bm,std_stock_利润总额_1年_增长率 * std_macro_bm,True
composite_利润总额_1年_增长率_x_de,利润总额(1年，增长率),de,std_stock_利润总额_1年_增长率,std_macro_de,std_stock_利润总额_1年_增长率 * std_macro_de,True
composite_利润总额_1年_增长率_x_dp,利润总额(1年，增长率),dp,std_stock_利润总额_1年_增长率,std_macro_dp,std_stock_利润总额_1年_增长率 * std_macro_dp,True
composite_利润总额_1年_增长率_x_ep,利润总额(1年，增长率),ep,std_stock_利润总额_1年_增长率,std_macro_ep,std_stock_利润总额_1年_增长率 * std_macro_ep,True
composite_利润总额_1年_增长率_x_infl,利润总额(1年，增长率),infl,std_stock_利润总额_1年_增长率,std_macro_infl,std_stock_利润总额_1年_增长率 * std_macro_infl,True
composite_利润总额_1年_增长率_x_itgr,利润总额(1年，增长率),itgr,std_stock_利润总额_1年_增长率,std_macro_itgr,std_stock_利润总额_1年_增长率 * std_macro_itgr,True
composite_利润总额_1年_增长率_x_m2gr,利润总额(1年，增长率),m2gr,std_stock_利润总额_1年_增长率,std_macro_m2gr,std_stock_利润总额_1年_增长率 * std_macro_m2gr,True
composite_利润总额_1年_增长率_x_mtr,利润总额(1年，增长率),mtr,std_stock_利润总额_1年_增长率,std_macro_mtr,std_stock_利润总额_1年_增长率 * std_macro_mtr,True
composite_利润总额_1年_增长率_x_ntis,利润总额(1年，增长率),ntis,std_stock_利润总额_1年_增长率,std_macro_ntis,std_stock_利润总额_1年_增长率 * std_macro_ntis,True
composite_利润总额_1年_增长率_x_svar,利润总额(1年，增长率),svar,std_stock_利润总额_1年_增长率,std_macro_svar,std_stock_利润总额_1年_增长率 * std_macro_svar,True
composite_利润总额_1年_增长率_x_tms,利润总额(1年，增长率),tms,std_stock_利润总额_1年_增长率,std_macro_tms,std_stock_利润总额_1年_增长率 * std_macro_tms,True
composite_净资产收益率_1年_增长率_x_bm,净资产收益率(1年，增长率),bm,std_stock_净资产收益率_1年_增长率,std_macro_bm,std_stock_净资产收益率_1年_增长率 * std_macro_bm,True
composite_净资产收益率_1年_增长率_x_de,净资产收益率(1年，增长率),de,std_stock_净资产收益率_1年_增长率,std_macro_de,std_stock_净资产收益率_1年_增长率 * std_macro_de,True
composite_净资产收益率_1年_增长率_x_dp,净资产收益率(1年，增长率),dp,std_stock_净资产收益率_1年_增长率,std_macro_dp,std_stock_净资产收益率_1年_增长率 * std_macro_dp,True
composite_净资产收益率_1年_增长率_x_ep,净资产收益率(1年，增长率),ep,std_stock_净资产收益率_1年_增长率,std_macro_ep,std_stock_净资产收益率_1年_增长率 * std_macro_ep,True
composite_净资产收益率_1年_增长率_x_infl,净资产收益率(1年，增长率),infl,std_stock_净资产收益率_1年_增长率,std_macro_infl,std_stock_净资产收益率_1年_增长率 * std_macro_infl,True
composite_净资产收益率_1年_增长率_x_itgr,净资产收益率(1年，增长率),itgr,std_stock_净资产收益率_1年_增长率,std_macro_itgr,std_stock_净资产收益率_1年_增长率 * std_macro_itgr,True
composite_净资产收益率_1年_增长率_x_m2gr,净资产收益率(1年，增长率),m2gr,std_stock_净资产收益率_1年_增长率,std_macro_m2gr,std_stock_净资产收益率_1年_增长率 * std_macro_m2gr,True
composite_净资产收益率_1年_增长率_x_mtr,净资产收益率(1年，增长率),mtr,std_stock_净资产收益率_1年_增长率,std_macro_mtr,std_stock_净资产收益率_1年_增长率 * std_macro_mtr,True
composite_净资产收益率_1年_增长率_x_ntis,净资产收益率(1年，增长率),ntis,std_stock_净资产收益率_1年_增长率,std_macro_ntis,std_stock_净资产收益率_1年_增长率 * std_macro_ntis,True
composite_净资产收益率_1年_增长率_x_svar,净资产收益率(1年，增长率),svar,std_stock_净资产收益率_1年_增长率,std_macro_svar,std_stock_净资产收益率_1年_增长率 * std_macro_svar,True
composite_净资产收益率_1年_增长率_x_tms,净资产收益率(1年，增长率),tms,std_stock_净资产收益率_1年_增长率,std_macro_tms,std_stock_净资产收益率_1年_增长率 * std_macro_tms,True
composite_总资产周转率_TTM_x_bm,总资产周转率(TTM),bm,std_stock_总资产周转率_TTM,std_macro_bm,std_stock_总资产周转率_TTM * std_macro_bm,True
composite_总资产周转率_TTM_x_de,总资产周转率(TTM),de,std_stock_总资产周转率_TTM,std_macro_de,std_stock_总资产周转率_TTM * std_macro_de,True
composite_总资产周转率_TTM_x_dp,总资产周转率(TTM),dp,std_stock_总资产周转率_TTM,std_macro_dp,std_stock_总资产周转率_TTM * std_macro_dp,True
composite_总资产周转率_TTM_x_ep,总资产周转率(TTM),ep,std_stock_总资产周转率_TTM,std_macro_ep,std_stock_总资产周转率_TTM * std_macro_ep,True
composite_总资产周转率_TTM_x_infl,总资产周转率(TTM),infl,std_stock_总资产周转率_TTM,std_macro_infl,std_stock_总资产周转率_TTM * std_macro_infl,True
composite_总资产周转率_TTM_x_itgr,总资产周转率(TTM),itgr,std_stock_总资产周转率_TTM,std_macro_itgr,std_stock_总资产周转率_TTM * std_macro_itgr,True
composite_总资产周转率_TTM_x_m2gr,总资产周转率(TTM),m2gr,std_stock_总资产周转率_TTM,std_macro_m2gr,std_stock_总资产周转率_TTM * std_macro_m2gr,True
composite_总资产周转率_TTM_x_mtr,总资产周转率(TTM),mtr,std_stock_总资产周转率_TTM,std_macro_mtr,std_stock_总资产周转率_TTM * std_macro_mtr,True
composite_总资产周转率_TTM_x_ntis,总资产周转率(TTM),ntis,std_stock_总资产周转率_TTM,std_macro_ntis,std_stock_总资产周转率_TTM * std_macro_ntis,True
composite_总资产周转率_TTM_x_svar,总资产周转率(TTM),svar,std_stock_总资产周转率_TTM,std_macro_svar,std_stock_总资产周转率_TTM * std_macro_svar,True
composite_总资产周转率_TTM_x_tms,总资产周转率(TTM),tms,std_stock_总资产周转率_TTM,std_macro_tms,std_stock_总资产周转率_TTM * std_macro_tms,True
composite_总市值_证监会算法_x_bm,总市值(证监会算法),bm,std_stock_总市值_证监会算法,std_macro_bm,std_stock_总市值_证监会算法 * std_macro_bm,True
composite_总市值_证监会算法_x_de,总市值(证监会算法),de,std_stock_总市值_证监会算法,std_macro_de,std_stock_总市值_证监会算法 * std_macro_de,True
composite_总市值_证监会算法_x_dp,总市值(证监会算法),dp,std_stock_总市值_证监会算法,std_macro_dp,std_stock_总市值_证监会算法 * std_macro_dp,True
composite_总市值_证监会算法_x_ep,总市值(证监会算法),ep,std_stock_总市值_证监会算法,std_macro_ep,std_stock_总市值_证监会算法 * std_macro_ep,True
composite_总市值_证监会算法_x_infl,总市值(证监会算法),infl,std_stock_总市值_证监会算法,std_macro_infl,std_stock_总市值_证监会算法 * std_macro_infl,True
composite_总市值_证监会算法_x_itgr,总市值(证监会算法),itgr,std_stock_总市值_证监会算法,std_macro_itgr,std_stock_总市值_证监会算法 * std_macro_itgr,True
composite_总市值_证监会算法_x_m2gr,总市值(证监会算法),m2gr,std_stock_总市值_证监会算法,std_macro_m2gr,std_stock_总市值_证监会算法 * std_macro_m2gr,True
composite_总市值_证监会算法_x_mtr,总市值(证监会算法),mtr,std_stock_总市值_证监会算法,std_macro_mtr,std_stock_总市值_证监会算法 * std_macro_mtr,True
composite_总市值_证监会算法_x_ntis,总市值(证监会算法),ntis,std_stock_总市值_证监会算法,std_macro_ntis,std_stock_总市值_证监会算法 * std_macro_ntis,True
composite_总市值_证监会算法_x_svar,总市值(证监会算法),svar,std_stock_总市值_证监会算法,std_macro_svar,std_stock_总市值_证监会算法 * std_macro_svar,True
composite_总市值_证监会算法_x_tms,总市值(证监会算法),tms,std_stock_总市值_证监会算法,std_macro_tms,std_stock_总市值_证监会算法 * std_macro_tms,True
composite_流通市值_x_bm,流通市值,bm,std_stock_流通市值,std_macro_bm,std_stock_流通市值 * std_macro_bm,True
composite_流通市值_x_de,流通市值,de,std_stock_流通市值,std_macro_de,std_stock_流通市值 * std_macro_de,True
composite_流通市值_x_dp,流通市值,dp,std_stock_流通市值,std_macro_dp,std_stock_流通市值 * std_macro_dp,True
composite_流通市值_x_ep,流通市值,ep,std_stock_流通市值,std_macro_ep,std_stock_流通市值 * std_macro_ep,True
composite_流通市值_x_infl,流通市值,infl,std_stock_流通市值,std_macro_infl,std_stock_流通市值 * std_macro_infl,True
composite_流通市值_x_itgr,流通市值,itgr,std_stock_流通市值,std_macro_itgr,std_stock_流通市值 * std_macro_itgr,True
composite_流通市值_x_m2gr,流通市值,m2gr,std_stock_流通市值,std_macro_m2gr,std_stock_流通市值 * std_macro_m2gr,True
composite_流通市值_x_mtr,流通市值,mtr,std_stock_流通市值,std_macro_mtr,std_stock_流通市值 * std_macro_mtr,True
composite_流通市值_x_ntis,流通市值,ntis,std_stock_流通市值,std_macro_ntis,std_stock_流通市值 * std_macro_ntis,True
composite_流通市值_x_svar,流通市值,svar,std_stock_流通市值,std_macro_svar,std_stock_流通市值 * std_macro_svar,True
composite_流通市值_x_tms,流通市值,tms,std_stock_流通市值,std_macro_tms,std_stock_流通市值 * std_macro_tms,True
composite_市盈率PE_TTM_x_bm,市盈率PE(TTM),bm,std_stock_市盈率PE_TTM,std_macro_bm,std_stock_市盈率PE_TTM * std_macro_bm,True
composite_市盈率PE_TTM_x_de,市盈率PE(TTM),de,std_stock_市盈率PE_TTM,std_macro_de,std_stock_市盈率PE_TTM * std_macro_de,True
composite_市盈率PE_TTM_x_dp,市盈率PE(TTM),dp,std_stock_市盈率PE_TTM,std_macro_dp,std_stock_市盈率PE_TTM * std_macro_dp,True
composite_市盈率PE_TTM_x_ep,市盈率PE(TTM),ep,std_stock_市盈率PE_TTM,std_macro_ep,std_stock_市盈率PE_TTM * std_macro_ep,True
composite_市盈率PE_TTM_x_infl,市盈率PE(TTM),infl,std_stock_市盈率PE_TTM,std_macro_infl,std_stock_市盈率PE_TTM * std_macro_infl,True
composite_市盈率PE_TTM_x_itgr,市盈率PE(TTM),itgr,std_stock_市盈率PE_TTM,std_macro_itgr,std_stock_市盈率PE_TTM * std_macro_itgr,True
composite_市盈率PE_TTM_x_m2gr,市盈率PE(TTM),m2gr,std_stock_市盈率PE_TTM,std_macro_m2gr,std_stock_市盈率PE_TTM * std_macro_m2gr,True
composite_市盈率PE_TTM_x_mtr,市盈率PE(TTM),mtr,std_stock_市盈率PE_TTM,std_macro_mtr,std_stock_市盈率PE_TTM * std_macro_mtr,True
composite_市盈率PE_TTM_x_ntis,市盈率PE(TTM),ntis,std_stock_市盈率PE_TTM,std_macro_ntis,std_stock_市盈率PE_TTM * std_macro_ntis,True
composite_市盈率PE_TTM_x_svar,市盈率PE(TTM),svar,std_stock_市盈率PE_TTM,std_macro_svar,std_stock_市盈率PE_TTM * std_macro_svar,True
composite_市盈率PE_TTM_x_tms,市盈率PE(TTM),tms,std_stock_市盈率PE_TTM,std_macro_tms,std_stock_市盈率PE_TTM * std_macro_tms,True
composite_市净率PB_LF_x_bm,市净率PB(LF),bm,std_stock_市净率PB_LF,std_macro_bm,std_stock_市净率PB_LF * std_macro_bm,True
composite_市净率PB_LF_x_de,市净率PB(LF),de,std_stock_市净率PB_LF,std_macro_de,std_stock_市净率PB_LF * std_macro_de,True
composite_市净率PB_LF_x_dp,市净率PB(LF),dp,std_stock_市净率PB_LF,std_macro_dp,std_stock_市净率PB_LF * std_macro_dp,True
composite_市净率PB_LF_x_ep,市净率PB(LF),ep,std_stock_市净率PB_LF,std_macro_ep,std_stock_市净率PB_LF * std_macro_ep,True
composite_市净率PB_LF_x_infl,市净率PB(LF),infl,std_stock_市净率PB_LF,std_macro_infl,std_stock_市净率PB_LF * std_macro_infl,True
composite_市净率PB_LF_x_itgr,市净率PB(LF),itgr,std_stock_市净率PB_LF,std_macro_itgr,std_stock_市净率PB_LF * std_macro_itgr,True
composite_市净率PB_LF_x_m2gr,市净率PB(LF),m2gr,std_stock_市净率PB_LF,std_macro_m2gr,std_stock_市净率PB_LF * std_macro_m2gr,True
composite_市净率PB_LF_x_mtr,市净率PB(LF),mtr,std_stock_市净率PB_LF,std_macro_mtr,std_stock_市净率PB_LF * std_macro_mtr,True
composite_市净率PB_LF_x_ntis,市净率PB(LF),ntis,std_stock_市净率PB_LF,std_macro_ntis,std_stock_市净率PB_LF * std_macro_ntis,True
composite_市净率PB_LF_x_svar,市净率PB(LF),svar,std_stock_市净率PB_LF,std_macro_svar,std_stock_市净率PB_LF * std_macro_svar,True
composite_市净率PB_LF_x_tms,市净率PB(LF),tms,std_stock_市净率PB_LF,std_macro_tms,std_stock_市净率PB_LF * std_macro_tms,True
composite_市销率PS_TTM_x_bm,市销率PS(TTM),bm,std_stock_市销率PS_TTM,std_macro_bm,std_stock_市销率PS_TTM * std_macro_bm,True
composite_市销率PS_TTM_x_de,市销率PS(TTM),de,std_stock_市销率PS_TTM,std_macro_de,std_stock_市销率PS_TTM * std_macro_de,True
composite_市销率PS_TTM_x_dp,市销率PS(TTM),dp,std_stock_市销率PS_TTM,std_macro_dp,std_stock_市销率PS_TTM * std_macro_dp,True
composite_市销率PS_TTM_x_ep,市销率PS(TTM),ep,std_stock_市销率PS_TTM,std_macro_ep,std_stock_市销率PS_TTM * std_macro_ep,True
composite_市销率PS_TTM_x_infl,市销率PS(TTM),infl,std_stock_市销率PS_TTM,std_macro_infl,std_stock_市销率PS_TTM * std_macro_infl,True
composite_市销率PS_TTM_x_itgr,市销率PS(TTM),itgr,std_stock_市销率PS_TTM,std_macro_itgr,std_stock_市销率PS_TTM * std_macro_itgr,True
composite_市销率PS_TTM_x_m2gr,市销率PS(TTM),m2gr,std_stock_市销率PS_TTM,std_macro_m2gr,std_stock_市销率PS_TTM * std_macro_m2gr,True
composite_市销率PS_TTM_x_mtr,市销率PS(TTM),mtr,std_stock_市销率PS_TTM,std_macro_mtr,std_stock_市销率PS_TTM * std_macro_mtr,True
composite_市销率PS_TTM_x_ntis,市销率PS(TTM),ntis,std_stock_市销率PS_TTM,std_macro_ntis,std_stock_市销率PS_TTM * std_macro_ntis,True
composite_市销率PS_TTM_x_svar,市销率PS(TTM),svar,std_stock_市销率PS_TTM,std_macro_svar,std_stock_市销率PS_TTM * std_macro_svar,True
composite_市销率PS_TTM_x_tms,市销率PS(TTM),tms,std_stock_市销率PS_TTM,std_macro_tms,std_stock_市销率PS_TTM * std_macro_tms,True
composite_市现率PCF_经营性现金流TTM_x_bm,市现率PCF(经营性现金流TTM),bm,std_stock_市现率PCF_经营性现金流TTM,std_macro_bm,std_stock_市现率PCF_经营性现金流TTM * std_macro_bm,True
composite_市现率PCF_经营性现金流TTM_x_de,市现率PCF(经营性现金流TTM),de,std_stock_市现率PCF_经营性现金流TTM,std_macro_de,std_stock_市现率PCF_经营性现金流TTM * std_macro_de,True
composite_市现率PCF_经营性现金流TTM_x_dp,市现率PCF(经营性现金流TTM),dp,std_stock_市现率PCF_经营性现金流TTM,std_macro_dp,std_stock_市现率PCF_经营性现金流TTM * std_macro_dp,True
composite_市现率PCF_经营性现金流TTM_x_ep,市现率PCF(经营性现金流TTM),ep,std_stock_市现率PCF_经营性现金流TTM,std_macro_ep,std_stock_市现率PCF_经营性现金流TTM * std_macro_ep,True
composite_市现率PCF_经营性现金流TTM_x_infl,市现率PCF(经营性现金流TTM),infl,std_stock_市现率PCF_经营性现金流TTM,std_macro_infl,std_stock_市现率PCF_经营性现金流TTM * std_macro_infl,True
composite_市现率PCF_经营性现金流TTM_x_itgr,市现率PCF(经营性现金流TTM),itgr,std_stock_市现率PCF_经营性现金流TTM,std_macro_itgr,std_stock_市现率PCF_经营性现金流TTM * std_macro_itgr,True
composite_市现率PCF_经营性现金流TTM_x_m2gr,市现率PCF(经营性现金流TTM),m2gr,std_stock_市现率PCF_经营性现金流TTM,std_macro_m2gr,std_stock_市现率PCF_经营性现金流TTM * std_macro_m2gr,True
composite_市现率PCF_经营性现金流TTM_x_mtr,市现率PCF(经营性现金流TTM),mtr,std_stock_市现率PCF_经营性现金流TTM,std_macro_mtr,std_stock_市现率PCF_经营性现金流TTM * std_macro_mtr,True
composite_市现率PCF_经营性现金流TTM_x_ntis,市现率PCF(经营性现金流TTM),ntis,std_stock_市现率PCF_经营性现金流TTM,std_macro_ntis,std_stock_市现率PCF_经营性现金流TTM * std_macro_ntis,True
composite_市现率PCF_经营性现金流TTM_x_svar,市现率PCF(经营性现金流TTM),svar,std_stock_市现率PCF_经营性现金流TTM,std_macro_svar,std_stock_市现率PCF_经营性现金流TTM * std_macro_svar,True
composite_市现率PCF_经营性现金流TTM_x_tms,市现率PCF(经营性现金流TTM),tms,std_stock_市现率PCF_经营性现金流TTM,std_macro_tms,std_stock_市现率PCF_经营性现金流TTM * std_macro_tms,True
