quarter_idx,feature,entropy,weight,direction,coefficient_for_direction
13,composite_总市值_证监会算法_x_bm,0.9974838349767156,0.011193544790703072,negative,-2.403999276126172
13,composite_市净率PB_LF_x_bm,0.9981448368701274,0.00825297681039332,negative,-1.737892141875908
13,composite_市净率PB_LF_x_svar,0.9475961640159076,0.23312647615095786,positive,2.3438720489432927
13,composite_净资产收益率_1年_增长率_x_bm,0.9966340829803394,0.014973796461163801,negative,-1.449574076654068
13,composite_市净率PB_LF_x_ntis,0.9475961640159076,0.23312647615095786,negative,-2.726062953869377
13,composite_市净率PB_LF_x_dp,0.9981448368701276,0.008252976810392826,positive,1.545624254618903
13,composite_销售毛利率_TTM_x_dp,0.9783941672050962,0.09611685040216741,negative,-1.4393029970951228
13,composite_流通市值_x_itgr,0.9974931870563208,0.01115194063478355,positive,1.335411721814899
13,composite_经营活动产生的现金流量净额_营业收入_TTM_x_bm,0.9921560125073884,0.03489517759119452,negative,-1.1219399142518451
13,composite_营业外收支净额_利润总额_TTM_x_infl,0.9991560413034063,0.003754479290668163,negative,-1.069765146054088
13,composite_经营活动产生的现金流量净额_营业收入_TTM_x_itgr,0.9921560125073884,0.03489517759119452,positive,1.1629006033026836
13,composite_市净率PB_LF_x_mtr,0.9981448368701274,0.00825297681039332,negative,-2.501788861473812
13,composite_市净率PB_LF_x_tms,0.9475961640159076,0.23312647615095786,positive,1.9572828917566047
13,composite_市盈率PE_TTM_x_svar,0.996880475751564,0.013877680548540489,positive,0.8027091473642385
13,composite_总资产报酬率_TTM_x_m2gr,0.9876360338233197,0.055002993805531454,positive,0.8490907866799233
14,composite_总市值_证监会算法_x_bm,0.997578324319408,0.006920833186146166,negative,-2.711450745395521
14,composite_市净率PB_LF_x_bm,0.9981523870111366,0.005280236899994085,negative,-1.9321382387959645
14,composite_市净率PB_LF_x_svar,0.9981523870111366,0.005280236899994085,positive,3.457073370811765
14,composite_净资产收益率_1年_增长率_x_bm,0.9973080013416854,0.007693380992689261,negative,-1.553206822155334
14,composite_营业外收支净额_利润总额_TTM_x_infl,0.9910253290170389,0.025648438918309435,negative,-1.2304449420124572
14,composite_销售毛利率_TTM_x_dp,0.9905188275765988,0.027095953961682812,negative,-1.1706257268956466
14,composite_市净率PB_LF_x_dp,0.93958998191044,0.17264395117834494,positive,1.334132619701475
14,composite_经营活动产生的现金流量净额_营业收入_TTM_x_bm,0.9914428486597727,0.02445522224505373,negative,-1.1317253112640548
14,composite_市销率PS_TTM_x_ntis,0.9163326251479832,0.23911044286987523,negative,-1.3422194098634337
14,composite_经营活动产生的现金流量净额_营业收入_TTM_x_itgr,0.9914428486597727,0.02445522224505373,positive,1.0993446146539425
14,composite_市销率PS_TTM_x_bm,0.9984017166303316,0.004567685373527074,negative,-1.840207025373598
14,composite_市销率PS_TTM_x_mtr,0.9163326251479831,0.23911044286987557,negative,-1.482420531873807
14,composite_总资产周转率_TTM_x_dp,0.9951262922868254,0.01392842086627776,negative,-0.8708761389330738
14,composite_市盈率PE_TTM_x_itgr,0.9964179702926493,0.010236973625771898,negative,-0.7364686186106962
14,composite_经营活动净收益_利润总额_TTM_x_bm,0.9322668321560109,0.1935725578674042,negative,-0.7283702174616143
15,composite_总市值_证监会算法_x_bm,0.9974147552268966,0.01194628999550366,negative,-2.6247682399182883
15,composite_市净率PB_LF_x_bm,0.9982472989899314,0.008099145875675519,negative,-1.9826645107841157
15,composite_市净率PB_LF_x_svar,0.9982472989899315,0.008099145875675005,positive,3.2080854104291707
15,composite_市净率PB_LF_x_dp,0.9341876183148384,0.3041158056232798,positive,2.448376816212257
15,composite_净资产收益率_1年_增长率_x_bm,0.9967773673355185,0.014891628351563897,negative,-1.4958681672442702
15,composite_营业外收支净额_利润总额_TTM_x_infl,0.999109532436427,0.004114807176754516,negative,-1.1590506354603622
15,composite_营业利润_1年_增长率_x_de,0.9953007477705217,0.02171501533604287,positive,0.9406170097224856
15,composite_销售毛利率_TTM_x_dp,0.9904002162795978,0.044360132321386296,negative,-0.9499888884544372
15,composite_市销率PS_TTM_x_ntis,0.9116294977249938,0.40835578054694144,negative,-1.0623668291309811
15,composite_经营活动产生的现金流量净额_营业收入_TTM_x_bm,0.9912637817893151,0.04036963822329253,negative,-0.8888576732942792
15,composite_经营活动产生的现金流量净额_营业收入_TTM_x_m2gr,0.9950635019821547,0.02281131655190114,negative,-1.344897241949622
15,composite_营业利润_1年_增长率_x_mtr,0.9978138518800926,0.010102083827902926,positive,0.8974151545132548
15,composite_市销率PS_TTM_x_bm,0.9982339157574622,0.008160989140118745,negative,-1.744614005742208
15,composite_市盈率PE_TTM_x_itgr,0.9964286199097218,0.01650317319524679,negative,-0.8025658525991338
15,composite_净资产收益率_TTM_x_ep,0.9834763354389,0.0763550479587149,negative,-0.6765812150704504
16,composite_总市值_证监会算法_x_bm,0.9970794388776756,0.02030655007058979,negative,-2.607800978012734
16,composite_市净率PB_LF_x_bm,0.9982525662179882,0.012149840425603419,negative,-2.0011685879514265
16,composite_市净率PB_LF_x_svar,0.9982525662179882,0.012149840425603419,positive,2.8109583084200795
16,composite_市净率PB_LF_x_dp,0.9982525662179882,0.012149840425603419,positive,2.462413799486716
16,composite_净资产收益率_1年_增长率_x_bm,0.996360172595319,0.025307581093401425,negative,-1.4612271801562042
16,composite_营业外收支净额_利润总额_TTM_x_infl,0.9983230038197185,0.011660090467810911,negative,-1.1392939559374629
16,composite_市盈率PE_TTM_x_itgr,0.9965325005092697,0.024109391681629927,negative,-1.042973566925147
16,composite_营业利润_1年_增长率_x_de,0.9973765572162193,0.01824069759710111,positive,0.9412022173417188
16,composite_市净率PB_LF_x_ntis,0.9363375515813097,0.4426425752738873,negative,-1.8340399013537323
16,composite_营业利润_1年_增长率_x_mtr,0.9973765572162192,0.018240697597101882,positive,0.8907879578685128
16,composite_销售毛利率_TTM_x_de,0.978191073224742,0.15163663590616341,negative,-0.8385835599222862
16,composite_销售毛利率_TTM_x_svar,0.978191073224742,0.15163663590616341,negative,-0.7772923371185894
16,composite_经营活动产生的现金流量净额_营业收入_TTM_x_m2gr,0.9956975248374141,0.029914945675570712,negative,-0.7771307159595379
16,composite_经营活动产生的现金流量净额_营业收入_TTM_x_bm,0.992073927378456,0.0551096805754971,negative,-1.5548192252856017
16,composite_市销率PS_TTM_x_svar,0.9978793214759878,0.014744996878272786,positive,1.029181038146304
17,composite_总市值_证监会算法_x_bm,0.9970958117619205,0.008313228510434844,negative,-2.4938977264059736
17,composite_市净率PB_LF_x_bm,0.9982626864688179,0.004973053808846179,negative,-2.165042545072107
17,composite_市净率PB_LF_x_itgr,0.9321045794277998,0.19435040009735532,negative,-2.198318807699696
17,composite_市净率PB_LF_x_svar,0.9321045794277998,0.19435040009735532,positive,2.021627953350893
17,composite_市净率PB_LF_x_dp,0.9982626864688178,0.004973053808846497,positive,1.6457465762272827
17,composite_净资产收益率_1年_增长率_x_bm,0.9966118136686146,0.009698671332463325,negative,-1.4162581305631134
17,composite_总资产报酬率_TTM_x_infl,0.9936310408986447,0.01823112279326405,positive,1.1971305236127343
17,composite_市盈率PE_TTM_x_itgr,0.9977692640621402,0.006385473694408806,negative,-1.0406864915953162
17,composite_营业利润_1年_增长率_x_itgr,0.9918563895819381,0.023311055880481,negative,-0.9778378929942892
17,composite_销售毛利率_TTM_x_de,0.9781486559858525,0.06254939458396061,negative,-0.914135060879262
17,composite_销售毛利率_TTM_x_svar,0.9906530752822863,0.02675553878682822,negative,-0.8948889339020436
17,composite_销售毛利率_TTM_x_m2gr,0.9781486559858528,0.06254939458395997,negative,-0.8864077980062954
17,composite_经营活动净收益_利润总额_TTM_x_ep,0.9978775725345219,0.006075441077128803,negative,-0.856267432800812
17,composite_流通市值_x_de,0.997103628316686,0.008290853650197657,positive,0.8108572055280214
17,composite_总市值_证监会算法_x_infl,0.8710241482424063,0.3691929172944694,positive,1.3287875207369575
18,composite_市净率PB_LF_x_bm,0.9973174957143403,0.007806730973365868,negative,-2.279808584683326
18,composite_市净率PB_LF_x_itgr,0.9293388226585251,0.20564097687192306,negative,-2.1647594131352363
18,composite_销售毛利率_TTM_x_infl,0.9906152457234493,0.02731188623997197,positive,1.9142753677447668
18,composite_净资产收益率_1年_增长率_x_bm,0.9954743502224309,0.013170726504343894,negative,-1.660995153638789
18,composite_市净率PB_LF_x_svar,0.9973174957143406,0.007806730973364899,positive,1.956200509130246
18,composite_市净率PB_LF_x_de,0.9293388226585253,0.20564097687192243,positive,1.495935814852298
18,composite_经营活动产生的现金流量净额_营业收入_TTM_x_m2gr,0.9910695595023644,0.025989724158649734,negative,-1.1895309366066356
18,composite_净资产收益率_TTM_x_itgr,0.996087386093405,0.011386645059515772,negative,-1.139889377728821
18,composite_经营活动产生的现金流量净额_营业收入_TTM_x_bm,0.9910695595023644,0.025989724158649734,negative,-1.6066280329189373
18,composite_营业收入_1年_增长率_x_m2gr,0.9790873141106554,0.06086093265214106,positive,1.0568445453620323
18,composite_流通市值_x_ep,0.8710789563510607,0.37519116370220296,negative,-1.0006295867140091
18,composite_总市值_证监会算法_x_tms,0.9962364408270323,0.010952860028134417,negative,-1.2108561046475983
18,composite_营业外收支净额_利润总额_TTM_x_bm,0.999266694019776,0.0021340963141691276,negative,-0.9380099480469064
18,composite_经营活动净收益_利润总额_TTM_x_ep,0.9973856979590747,0.00760824608025013,negative,-0.8290254550097933
18,composite_总资产周转率_TTM_x_m2gr,0.9957018734226837,0.012508579411394985,negative,-0.8243476669132563
19,composite_市净率PB_LF_x_bm,0.9969661184315363,0.005376423873940823,negative,-2.3807534601031013
19,composite_市净率PB_LF_x_svar,0.9969661184315363,0.005376423873940823,positive,2.3935462940941155
19,composite_总资产报酬率_TTM_x_infl,0.9938711261509855,0.010861143699455197,positive,1.551536497439478
19,composite_市净率PB_LF_x_de,0.9332888409347257,0.11822065567260172,positive,1.7823245372727996
19,composite_净资产收益率_1年_增长率_x_bm,0.9958000499688908,0.0074428454463527595,negative,-1.4835470720969477
19,composite_市净率PB_LF_x_itgr,0.9332888409347257,0.11822065567260172,negative,-1.3229137171298466
19,composite_销售毛利率_TTM_x_m2gr,0.9906846219972955,0.016508034199200657,negative,-1.2703371069057396
19,composite_经营活动净收益_利润总额_TTM_x_ep,0.9330462666898434,0.11865052807597613,negative,-1.0091717123740032
19,composite_市净率PB_LF_x_infl,0.9332888409347257,0.11822065567260172,positive,3.063809966144831
19,composite_总市值_证监会算法_x_mtr,0.8753395058978268,0.22091424516862912,positive,1.037281836911298
19,composite_总资产周转率_TTM_x_m2gr,0.9957478857930496,0.007535286998215665,negative,-1.0254423733235578
19,composite_净资产收益率_TTM_x_itgr,0.9958678888576148,0.0073226263103428274,negative,-0.948599686471446
19,composite_销售毛利率_TTM_x_dp,0.9906846219972955,0.016508034199200657,negative,-1.0089754150553556
19,composite_总市值_证监会算法_x_de,0.8753395058978268,0.22091424516862912,positive,0.9066583612406468
19,composite_总市值_证监会算法_x_bm,0.995526169776901,0.007928195968311062,negative,-0.8690274182976416
20,composite_市净率PB_LF_x_bm,0.9300435098704983,0.11843857409302905,negative,-2.4812973287908844
20,composite_总资产报酬率_TTM_x_infl,0.9895604657740361,0.01767446516584328,positive,1.8472446841014227
20,composite_总市值_证监会算法_x_ntis,0.871723096318465,0.21717689856916866,negative,-1.7632169808128293
20,composite_市净率PB_LF_x_svar,0.9966952991937441,0.005594964106582159,positive,1.7836475778290963
20,composite_市净率PB_LF_x_de,0.9966952991937442,0.0055949641065819716,positive,1.7622595888779005
20,composite_净资产收益率_1年_增长率_x_bm,0.9936813293161834,0.010697711457068475,negative,-1.4075887054448333
20,composite_营业外收支净额_利润总额_TTM_x_tms,0.9913171211145423,0.014700391519247971,negative,-1.3646503961636614
20,composite_销售毛利率_TTM_x_dp,0.977551035862263,0.03800681391272161,negative,-1.3319905876933793
20,composite_市净率PB_LF_x_infl,0.9966952991937441,0.005594964106582159,positive,3.158637830704861
20,composite_销售毛利率_TTM_x_ntis,0.977551035862263,0.03800681391272161,negative,-1.086267569673803
20,composite_总市值_证监会算法_x_bm,0.871723096318465,0.21717689856916866,negative,-1.4983591445027564
20,composite_经营活动产生的现金流量净额_营业收入_TTM_x_ep,0.9914262015096919,0.014515714923279497,negative,-0.8656991365013129
20,composite_销售毛利率_TTM_x_mtr,0.9910866772347471,0.015090540374356119,negative,-1.5167592465927298
20,composite_市销率PS_TTM_x_bm,0.9132365364982062,0.14689331728195756,negative,-1.24800323125763
20,composite_经营活动净收益_利润总额_TTM_x_ep,0.9203576952328255,0.13483696790169122,negative,-0.8228981553803202
21,composite_市净率PB_LF_x_bm,0.9293634627028686,0.14585362554338258,negative,-2.3612072765291483
21,composite_销售毛利率_TTM_x_infl,0.9781443039239842,0.045128663343901476,positive,1.848233271815916
21,composite_总资产报酬率_TTM_x_ntis,0.9959942882818899,0.008271180883490227,negative,-1.6430780066654276
21,composite_营业外收支净额_利润总额_TTM_x_tms,0.9951506442593802,0.010013176514355317,negative,-1.4776170294401028
21,composite_市净率PB_LF_x_ep,0.9293634627028686,0.14585362554338258,negative,-1.4856206515801016
21,composite_净资产收益率_1年_增长率_x_bm,0.9966025193001452,0.007015277032947291,negative,-1.4013189923025953
21,composite_市净率PB_LF_x_de,0.9969170933510821,0.006365729821452204,positive,1.341108289743739
21,composite_市净率PB_LF_x_infl,0.9293634627028686,0.14585362554338258,positive,3.298398063901792
21,composite_总市值_证监会算法_x_mtr,0.8710300409333848,0.26630320278753816,positive,1.353963782698714
21,composite_经营活动产生的现金流量净额_营业收入_TTM_x_ep,0.9956173740895773,0.009049450934247307,negative,-1.0332405152329072
21,composite_净资产收益率_TTM_x_dp,0.9974033806074506,0.005361621153178567,negative,-0.974391959512055
21,composite_流通市值_x_de,0.9948174922922681,0.01070108427596884,positive,1.1750826122526874
21,composite_经营活动净收益_利润总额_TTM_x_ep,0.9985320631473849,0.0030310646616500607,negative,-0.7626425337167307
21,composite_销售毛利率_TTM_x_bm,0.9910889207564789,0.018400013150484874,positive,0.8385618017904184
21,composite_市销率PS_TTM_x_bm,0.9163140521019041,0.17279865881063794,negative,-1.2549013482935878
22,composite_市净率PB_LF_x_bm,0.9301630147872189,0.1962625069253302,negative,-1.855884879275048
22,composite_总资产报酬率_TTM_x_itgr,0.9881574283424198,0.033281115942762354,negative,-1.9201756578423228
22,composite_销售毛利率_TTM_x_infl,0.9911197312526824,0.024956171879542268,positive,1.8146133582854644
22,composite_市净率PB_LF_x_svar,0.9957633429280272,0.01190625476450471,positive,1.672723507421876
22,composite_市净率PB_LF_x_de,0.9301630147872189,0.1962625069253302,positive,1.8125960888860055
22,composite_营业收入_1年_增长率_x_itgr,0.9869945024950291,0.0365492802468452,positive,1.4392468965721996
22,composite_市净率PB_LF_x_infl,0.9957633429280273,0.011906254764504399,positive,2.8462270555744453
22,composite_总市值_证监会算法_x_ntis,0.876126095869476,0.34812217184362737,negative,-1.3522460810143264
22,composite_净资产收益率_1年_增长率_x_bm,0.9954439045628128,0.012803970697889754,negative,-1.1633704323807303
22,composite_净资产收益率_TTM_x_de,0.9825794784238625,0.048956798837499434,negative,-1.1488498354400027
22,composite_经营活动净收益_利润总额_TTM_x_mtr,0.9984631993564614,0.004318862648872458,positive,0.976483571200055
22,composite_经营活动产生的现金流量净额_营业收入_TTM_x_de,0.9953476028831034,0.013074606794555509,positive,1.04638414831488
22,composite_营业收入_1年_增长率_x_ntis,0.9869945024950292,0.03654928024684489,negative,-0.9114392118906018
22,composite_经营活动产生的现金流量净额_营业收入_TTM_x_svar,0.991733524070611,0.023231233198234672,positive,1.0151978422222538
22,composite_营业外收支净额_利润总额_TTM_x_tms,0.9993527425053816,0.0018189842836566026,negative,-0.869683916784317
23,composite_销售毛利率_TTM_x_infl,0.9999999999999999,3.452397951662928e-16,positive,2.0373835287381348
23,composite_总资产报酬率_TTM_x_itgr,0.9883874299866675,0.03611095432028838,negative,-1.657179407263223
23,composite_市净率PB_LF_x_bm,0.9310268659768107,0.21448186656174636,negative,-1.5689619428396917
23,composite_市净率PB_LF_x_infl,0.9999999999999999,3.452397951662928e-16,positive,1.8627460106351617
23,composite_市净率PB_LF_x_de,0.931026865976811,0.21448186656174567,positive,2.3935198057147717
23,composite_营业收入_1年_增长率_x_itgr,0.9882957239394353,0.03639612744550474,positive,1.3203302011398277
23,composite_市净率PB_LF_x_itgr,0.9955686991537711,0.013779766430162156,negative,-1.5525714798566663
23,composite_流通市值_x_mtr,0.8795582856563788,0.3745308092804864,positive,1.2437680279514818
23,composite_经营活动产生的现金流量净额_营业收入_TTM_x_ntis,0.9953465932699571,0.014470436576001198,negative,-1.07013476749448
23,composite_净资产收益率_1年_增长率_x_bm,0.9950300782264002,0.015454685563645168,negative,-1.048561001819338
23,composite_销售毛利率_TTM_x_bm,0.9908839519528896,0.02834766070153406,positive,1.0199977891016745
23,composite_经营活动净收益_利润总额_TTM_x_mtr,0.9983966945755675,0.004985708493183013,positive,0.960889036344948
23,composite_净资产收益率_TTM_x_mtr,0.9974630710866976,0.007888944824177724,positive,0.9634335657773242
23,composite_营业外收支净额_利润总额_TTM_x_bm,0.9937177410108582,0.019535586620762064,negative,-0.8450497651521663
23,composite_营业外收支净额_利润总额_TTM_x_m2gr,0.9937177410108581,0.019535586620762407,negative,-1.938750557125782
24,composite_市净率PB_LF_x_ep,0.995945861799054,0.015133101865829935,negative,-2.214842713859995
24,composite_销售毛利率_TTM_x_infl,0.9777219133606879,0.08315862404735602,positive,1.8558295113125995
24,composite_市净率PB_LF_x_bm,0.9382074984903819,0.23065622668494506,negative,-1.6978188832573051
24,composite_市净率PB_LF_x_itgr,0.9959458617990542,0.015133101865829108,negative,-2.324695555680019
24,composite_市净率PB_LF_x_ntis,0.9382074984903819,0.23065622668494506,negative,-2.182770840898681
24,composite_净资产收益率_TTM_x_ntis,0.9975981062918247,0.008965679104928313,negative,-1.3114917323952642
24,composite_总市值_证监会算法_x_itgr,0.9931053367653859,0.02573608394397122,negative,-1.4391411770637224
24,composite_营业收入_1年_增长率_x_ntis,0.9891242557745639,0.04059648119342146,negative,-1.218739008238139
24,composite_市净率PB_LF_x_infl,0.9382074984903819,0.23065622668494506,positive,1.5234080472952458
24,composite_营业利润_1年_增长率_x_bm,0.9907675282707948,0.034462548691323446,negative,-0.9927952080380188
24,composite_营业外收支净额_利润总额_TTM_x_bm,0.995406305367813,0.017147133463082175,negative,-0.9744659848724324
24,composite_经营活动净收益_利润总额_TTM_x_mtr,0.9985109079939711,0.0055584146119068015,positive,0.9562539229491532
24,composite_营业外收支净额_利润总额_TTM_x_ntis,0.995406305367813,0.017147133463082175,negative,-1.2397698621399946
24,composite_销售毛利率_TTM_x_bm,0.9911885908941174,0.032890825366956616,positive,1.0059530967704091
24,composite_营业收入_1年_增长率_x_tms,0.9967578385009879,0.012102192327477517,negative,-1.164384418892152
25,composite_总市值_证监会算法_x_bm,0.883659203041827,0.23538649577014986,positive,2.225120179707284
25,composite_销售毛利率_TTM_x_infl,0.9765233821143038,0.047499062763302194,positive,2.0268631859832884
25,composite_营业收入_1年_增长率_x_itgr,0.9796669931718266,0.04113875227685588,positive,1.7325291940308691
25,composite_经营活动产生的现金流量净额_营业收入_TTM_x_ntis,0.995731025461342,0.008637201939986515,negative,-1.0653511342598494
25,composite_市净率PB_LF_x_ep,0.9346141205166558,0.13229196848262179,negative,-1.0347595337759228
25,composite_净资产收益率_TTM_x_m2gr,0.9825361869432001,0.0353336565134844,negative,-0.9557820402918976
25,composite_总市值_证监会算法_x_m2gr,0.8836592030418271,0.23538649577014964,positive,1.100560815507185
25,composite_营业外收支净额_利润总额_TTM_x_ep,0.9995724368270653,0.0008650671099807365,positive,0.9323813567169948
25,composite_市盈率PE_TTM_x_tms,0.9982721475227163,0.00349587720274773,negative,-0.8543634704474707
25,composite_总资产报酬率_TTM_x_itgr,0.9881767098469164,0.02392146959942717,negative,-0.9171934574051098
25,composite_营业利润_1年_增长率_x_m2gr,0.9965167558686284,0.0070474730398337355,negative,-0.7230662507762539
25,composite_营业外收支净额_利润总额_TTM_x_tms,0.9995724368270653,0.0008650671099807365,negative,-0.6862128467040784
25,composite_流通市值_x_de,0.9945292144214641,0.011068765902509695,positive,0.6501689003079368
25,composite_总资产周转率_TTM_x_de,0.9748966624523154,0.050790323016345715,negative,-0.703633458702072
25,composite_市销率PS_TTM_x_infl,0.9178191825954547,0.16627232350262422,positive,0.8298179377224926
26,composite_总市值_证监会算法_x_bm,0.8817691910368166,0.2223030012412315,positive,2.3784076588307506
26,composite_销售毛利率_TTM_x_infl,0.9749771219383456,0.04704916545510001,positive,2.0062125136955715
26,composite_营业外收支净额_利润总额_TTM_x_ep,0.9948872366620563,0.009613252625336932,positive,1.311737790128059
26,composite_营业收入_1年_增长率_x_itgr,0.9960056444712531,0.0075103708572395655,positive,1.2320890173973722
26,composite_市净率PB_LF_x_ep,0.9967573863380784,0.0060969112470122275,negative,-1.0408182094826728
26,composite_经营活动产生的现金流量净额_营业收入_TTM_x_ntis,0.995807464815741,0.007882997354441338,negative,-0.993683313157676
26,composite_总市值_证监会算法_x_m2gr,0.8817691910368166,0.2223030012412315,positive,0.9039526724051016
26,composite_净资产收益率_TTM_x_m2gr,0.9815295704854086,0.03472895052749661,negative,-1.0489771049531222
26,composite_市盈率PE_TTM_x_tms,0.9973929344299236,0.004901924513103322,negative,-0.7655793561508822
26,composite_营业利润_1年_增长率_x_m2gr,0.9972928428196383,0.005090121359260647,negative,-0.7761256156617031
26,composite_销售毛利率_TTM_x_itgr,0.9749771219383455,0.04704916545510022,negative,-0.6963121721824225
26,composite_营业外收支净额_利润总额_TTM_x_tms,0.9995142538785545,0.0009133221838331665,negative,-0.6106446960161496
26,composite_总资产周转率_TTM_x_de,0.9944127649765433,0.010505376096524218,negative,-0.6119275276473519
26,composite_流通市值_x_de,0.8815790854340709,0.2226604465333152,positive,0.6896238152624441
26,composite_市销率PS_TTM_x_infl,0.9194828781454907,0.15139199330977354,positive,0.835761104302642
27,composite_总市值_证监会算法_x_bm,0.8769968644903275,0.2947713687886244,positive,2.1651845125075875
27,composite_销售毛利率_TTM_x_infl,0.9733783014368861,0.0637976787535645,positive,2.067709026598484
27,composite_营业收入_1年_增长率_x_itgr,0.9834583823478656,0.03964122749467868,positive,1.4985607823692393
27,composite_营业外收支净额_利润总额_TTM_x_ep,0.9953826341566706,0.01106530532084702,positive,1.3726657676152771
27,composite_市净率PB_LF_x_ep,0.9971128230106343,0.006918987142595411,negative,-1.138431458900449
27,composite_总资产报酬率_TTM_x_de,0.9881613747905994,0.028370721958352968,negative,-1.023501721631212
27,composite_经营活动产生的现金流量净额_营业收入_TTM_x_tms,0.9959996685488848,0.009586610719860006,positive,1.012327536033402
27,composite_市盈率PE_TTM_x_tms,0.9979860313264954,0.004826383491172606,negative,-0.7363297790700647
27,composite_净资产收益率_TTM_x_ntis,0.9972240918011236,0.00665233659307831,negative,-0.6822268009811587
27,composite_总市值_证监会算法_x_m2gr,0.8769968644903275,0.2947713687886244,positive,0.7510735822411961
27,composite_市销率PS_TTM_x_infl,0.9161658607523723,0.2009046669814049,positive,0.7108366127555885
27,composite_总资产周转率_TTM_x_dp,0.9946952183664769,0.01271266571180535,negative,-0.8053740284862274
27,composite_销售毛利率_TTM_x_itgr,0.9907594766941369,0.022144489991299962,negative,-0.6121960813031652
27,composite_营业外收支净额_利润总额_TTM_x_tms,0.9995644874770877,0.0010436857724927637,negative,-0.5424831741188993
27,composite_营业利润_利润总额_TTM_x_mtr,0.9988347356671824,0.002792502491598668,negative,-0.6967152528711261
28,composite_销售毛利率_TTM_x_infl,0.9909267395974436,0.04598685609157506,positive,2.1926598730645086
28,composite_总市值_证监会算法_x_ep,0.9952058089716774,0.024298847725440855,negative,-2.087963847943332
28,composite_营业外收支净额_利润总额_TTM_x_ep,0.9953694510502132,0.023469445241408527,positive,1.4808372401255323
28,composite_营业收入_1年_增长率_x_itgr,0.9970801758385497,0.01479881845863121,positive,1.3168329043698257
28,composite_总资产报酬率_TTM_x_de,0.9897831360114592,0.05178308933091394,negative,-1.0180899741113587
28,composite_经营活动产生的现金流量净额_营业收入_TTM_x_tms,0.9958631854812504,0.02096700474921622,positive,1.1164942120893937
28,composite_市净率PB_LF_x_ep,0.9971978796605405,0.014202249145818833,negative,-1.0218045574454924
28,composite_总市值_证监会算法_x_itgr,0.8824279554376209,0.595901412920874,negative,-0.9131188094839644
28,composite_市盈率PE_TTM_x_tms,0.9970418940155534,0.014992845810095292,negative,-0.6958547543101657
28,composite_净资产收益率_TTM_x_ntis,0.9970982659215308,0.014707130795560906,negative,-0.7559645651038858
28,composite_营业外收支净额_利润总额_TTM_x_tms,0.999711780295437,0.0014608109420912215,negative,-0.6613054962145785
28,composite_营业利润_利润总额_TTM_x_mtr,0.9983282663462882,0.00847300436070646,negative,-0.6973610481425632
28,composite_营业利润_利润总额_TTM_x_de,0.998328266346288,0.008473004360707586,negative,-0.7430235842739447
28,composite_营业外收支净额_利润总额_TTM_x_itgr,0.9953694510502132,0.023469445241408527,negative,-0.8642553627838376
28,composite_销售毛利率_TTM_x_bm,0.9729665763447195,0.13701603482555144,positive,0.7517123342123563
29,composite_总市值_证监会算法_x_ep,0.8881574434312902,0.22088148655064488,negative,-2.197023887407834
29,composite_销售毛利率_TTM_x_infl,0.9718727992410383,0.05554931956809395,positive,1.968735085902654
29,composite_营业外收支净额_利润总额_TTM_x_ep,0.9997253141025371,0.0005424860735263752,positive,1.344395611755081
29,composite_市净率PB_LF_x_ep,0.9342229568950676,0.12990521235981894,negative,-1.3565652487755222
29,composite_营业收入_1年_增长率_x_itgr,0.997081179866291,0.00576447239661879,positive,1.1730438789756297
29,composite_销售毛利率_TTM_x_tms,0.9718727992410384,0.05554931956809373,positive,1.0774457801767403
29,composite_总市值_证监会算法_x_itgr,0.8881574434312901,0.2208814865506451,negative,-0.9668917259510962
29,composite_总资产报酬率_TTM_x_de,0.9963882923212423,0.0071328784457845365,negative,-0.962614976994074
29,composite_市销率PS_TTM_x_tms,0.9986461833415701,0.002673696356782763,negative,-0.9930388758824622
29,composite_经营活动产生的现金流量净额_营业收入_TTM_x_ntis,0.996036323599789,0.007827992870910952,negative,-0.7437648298084788
29,composite_总资产周转率_TTM_x_de,0.9741189486615955,0.0511133263446848,negative,-0.8028881128330793
29,composite_营业利润_利润总额_TTM_x_m2gr,0.998971846644624,0.0020305333542510982,positive,0.7066983189142678
29,composite_流通市值_x_tms,0.8881208027462475,0.2209538494260008,positive,0.7298959207229461
29,composite_市盈率PE_TTM_x_tms,0.9972614094238273,0.0054085312074119395,negative,-0.5660665151380856
29,composite_营业利润_1年_增长率_x_mtr,0.993019807129208,0.013785408926731354,positive,0.5653103578644713
30,composite_总市值_证监会算法_x_svar,0.995041643217093,0.029621561771880533,positive,1.6292503351157082
30,composite_总市值_证监会算法_x_mtr,0.995041643217093,0.029621561771880533,negative,-1.5498858781844511
30,composite_市销率PS_TTM_x_infl,0.9987977650315281,0.007182233740353695,positive,1.3023965709260743
30,composite_营业收入_1年_增长率_x_itgr,0.9980129460870926,0.011870795669273291,positive,1.1911385680324322
30,composite_市净率PB_LF_x_ep,0.9970433214177604,0.017663399609589635,negative,-0.958283498825987
30,composite_营业外收支净额_利润总额_TTM_x_svar,0.9949666256460271,0.03006972186051404,negative,-0.923652767001808
30,composite_营业外收支净额_利润总额_TTM_x_tms,0.9996564157257866,0.002052595899824126,negative,-0.9534991531380786
30,composite_营业外收支净额_利润总额_TTM_x_mtr,0.9949666256460273,0.030069721860512714,positive,1.1339800250287917
30,composite_销售毛利率_TTM_x_infl,0.9909089875184779,0.054310328921603576,positive,0.9754530404644636
30,composite_流通市值_x_infl,0.8867768196170168,0.67640300578713,negative,-0.9873696403054226
30,composite_营业外收支净额_利润总额_TTM_x_m2gr,0.9949666256460273,0.030069721860512714,positive,1.1132019312139527
30,composite_营业利润_利润总额_TTM_x_de,0.9977533436565119,0.013421678304440719,negative,-1.18449919210086
30,composite_总资产周转率_TTM_x_de,0.9952906038048849,0.028134254231716477,negative,-0.8348849386333613
30,composite_经营活动产生的现金流量净额_营业收入_TTM_x_ntis,0.9957199052190397,0.02556957828867379,negative,-0.7066216275243337
30,composite_市盈率PE_TTM_x_tms,0.9976666084374003,0.013939840422094181,negative,-0.6695022954059169
