split,strategy,period_count,holding_period_avg_return,cumulative_return,annualized_return,annualized_volatility,sharpe_ratio,alpha,beta,max_drawdown,win_rate,average_turnover
all,hybrid_score_30_70_top10,18,5.885603500825295,1.2977558191379548,0.20306682164168577,0.32983719021494395,0.6156577477189696,0.02636440498141493,1.6923111030987943,-0.24430050527328662,0.6111111111111112,0.8888888888888891
all,hybrid_score_30_70_top20,18,3.4788427663104042,0.6401953398239444,0.1162322653973511,0.24912093617778905,0.4665696395520934,-0.01842770553246667,1.275600871616394,-0.17643087814083225,0.5555555555555556,0.8250000000000004
all,hybrid_score_50_50_top10,18,5.319562589501981,1.0402490885748015,0.1717055504942877,0.34779607146803637,0.49369606094032037,-0.0031956486051929744,1.7483147813216628,-0.296849330549522,0.5555555555555556,0.8555555555555556
all,hybrid_score_50_50_top20,18,4.182444330904497,0.8281935293921958,0.14347624892214506,0.2632096127515316,0.5451026177284256,-0.0023098953100638975,1.3729518052850709,-0.17782754357490982,0.5555555555555556,0.8305555555555559
all,hybrid_score_50_50_top30,18,4.066840924125587,0.8518638060963961,0.14674980873916077,0.23038613879825348,0.6369732550084878,0.010640909099726592,1.2306849682811463,-0.1292403294921859,0.5555555555555556,0.8074074074074082
all,hybrid_score_70_30_top10,18,3.1126396920391945,0.4981971713151172,0.09399497526351541,0.27148118607239247,0.3462301628461685,-0.045851938384084426,1.3790218034390616,-0.2602945480688321,0.5555555555555556,0.8166666666666669
all,hybrid_score_70_30_top20,18,4.69987051018729,0.9814758433842532,0.1641193473150846,0.27485472510475795,0.5971130649201402,0.009063362746483533,1.4484266538395902,-0.1495195461542178,0.5555555555555556,0.8138888888888892
all,pure_promethee_score_top10,18,1.902376704726589,0.18191129505708625,0.03783896986866009,0.29780743013030864,0.12705851513544597,-0.0951611611761288,1.3862966886379164,-0.2884273207424337,0.5,0.47777777777777786
all,pure_promethee_score_top20,18,3.722876290341242,0.629344920867505,0.11458708614866286,0.3002397270436149,0.38165197949309737,-0.031873375226056544,1.4634585754979985,-0.2257908948672963,0.4444444444444444,0.4222222222222223
all,pure_promethee_score_top30,18,3.8971599588911605,0.7064727581991324,0.12610175545157598,0.2861477480032155,0.4406875690322013,-0.014284929376256444,1.3775145523775179,-0.22002416659650137,0.5,0.34814814814814826
all,pure_stagewise_score_top10,18,3.6823025451107085,0.6597489905770437,0.11917580832520902,0.2786267809116631,0.42772560460723613,-0.027748953010630184,1.4169343536599186,-0.15707872559177705,0.6111111111111112,0.8944444444444447
all,pure_stagewise_score_top20,18,3.7530600513300363,0.6901092516487835,0.12369313773458313,0.26702075837548855,0.46323416384221333,-0.027688150077409823,1.439353070759868,-0.1631005515643107,0.5555555555555556,0.866666666666667
all,pure_stagewise_score_top30,18,2.9070913831278142,0.5331524058817521,0.0996163386649409,0.2106725796729274,0.4728490951200051,-0.03126790080532357,1.1944104715210426,-0.13871129334641152,0.5,0.8462962962962973
test,hybrid_score_30_70_top10,5,-5.219384132855419,-0.24430050527328662,-0.20075614574158873,0.14866021853369837,-1.3504362345335934,-0.22873340189986968,0.9381180214819067,-0.16091240075200886,0.2,0.9000000000000001
test,hybrid_score_30_70_top20,5,-3.600034756732893,-0.17643087814083225,-0.14382992511499681,0.1419285185215098,-1.0133969311685505,-0.16555237159915348,1.0129936318823254,-0.09325016000885322,0.2,0.8500000000000003
test,hybrid_score_50_50_top10,5,-5.334001804460816,-0.25098942217139086,-0.2064206455203088,0.16599702839551558,-1.2435201251222234,-0.2365510404231878,1.0900804371537678,-0.17313088747816852,0.2,0.8600000000000001
test,hybrid_score_50_50_top20,5,-3.607011232634921,-0.17782754357490982,-0.14499168414107022,0.1509622244597572,-0.9604501037259252,-0.16674390323731322,1.055883972745507,-0.09246028685378771,0.2,0.8300000000000004
test,hybrid_score_50_50_top30,5,-2.0080132368957537,-0.1064059179444502,-0.0860714862092341,0.147883211992072,-0.582023375404156,-0.10127939040143283,0.9851612937805214,-0.06500423017646484,0.2,0.8133333333333344
test,hybrid_score_70_30_top10,5,-5.198628145298992,-0.24336383445524812,-0.19996372954404928,0.14834560336752756,-1.347958584580612,-0.2281332465823388,0.9489330192009118,-0.15744385309448616,0.2,0.8000000000000002
test,hybrid_score_70_30_top20,5,-2.84951753714151,-0.14439613028365483,-0.11728970432421049,0.14985923611981905,-0.7826658360278322,-0.13563838213073484,1.0180089824692302,-0.11027683487680384,0.2,0.8000000000000004
test,pure_promethee_score_top10,5,-5.863455464608317,-0.26880602225689676,-0.221558313923781,0.14108572320752744,-1.5703808215795434,-0.2539238422527723,0.9112120244384485,-0.16500202059842384,0.2,0.4800000000000001
test,pure_promethee_score_top20,5,-4.836928837774813,-0.2257908948672963,-0.18513320773009334,0.12274994393922438,-1.5082141937413511,-0.21110345440720896,0.8285158939276669,-0.15588487411742202,0.2,0.31000000000000005
test,pure_promethee_score_top30,5,-4.739747690560486,-0.22002416659650137,-0.18028115877605022,0.10128935961889941,-1.779862756111372,-0.20570815563935965,0.7576305852789363,-0.11251131037415352,0.2,0.13333333333333333
test,pure_stagewise_score_top10,5,-1.0817444706274308,-0.08274337779029928,-0.06676141891885479,0.2570630643601822,-0.2597083291021244,-0.07657638458307714,1.565561169399561,-0.10373427999759965,0.4,0.9000000000000001
test,pure_stagewise_score_top20,5,-3.179757239454568,-0.16310055156431058,-0.13276134881793245,0.1781303717693359,-0.7453043941874629,-0.1517078375113524,1.1524356847400012,-0.1121471243070743,0.2,0.8600000000000003
test,pure_stagewise_score_top30,5,-2.538473168085443,-0.1312444631206423,-0.10645162693001764,0.1528548176191162,-0.696423106501451,-0.12416407695244333,1.0634844303192772,-0.07833043730474731,0.2,0.820000000000001
train,hybrid_score_30_70_top10,9,9.952394182679548,1.0884145355358772,0.3872053618841804,0.37790895836725535,1.02459958492937,0.04034958008805256,2.37493105788271,-0.06039322235367828,0.7777777777777778,0.8666666666666668
train,hybrid_score_30_70_top20,9,7.4145099568662465,0.7452768730673434,0.2808411134897444,0.312126272255416,0.8997676211630443,-0.005353112962955653,2.004413460917031,-0.05376552772739562,0.6666666666666666,0.8277777777777781
train,hybrid_score_50_50_top10,9,11.264291675608654,1.280941020991758,0.4426527320816245,0.4090420441593973,1.082169274288903,0.0715397197330575,2.516238539253702,-0.09562834809759613,0.6666666666666666,0.8666666666666668
train,hybrid_score_50_50_top20,9,7.891127217529576,0.8049892249385207,0.30013580055811717,0.3237412542597523,0.9270854319891668,-0.00047332398145272236,2.0985812373975468,-0.0542852348015902,0.6666666666666666,0.8444444444444448
train,hybrid_score_50_50_top30,9,7.8714483368379335,0.8489000151114885,0.3140993162743144,0.2787961183110489,1.1266272937268023,0.04764229242137946,1.7739356777492048,-0.05826215646116695,0.6666666666666666,0.8481481481481491
train,hybrid_score_70_30_top10,9,8.129145317389707,0.8333533693421316,0.30917680644249534,0.32582731577411356,0.9488977488211531,0.02340446881810565,2.0032705120182945,-0.1240796847726171,0.6666666666666666,0.8333333333333335
train,hybrid_score_70_30_top20,9,9.251210476411842,1.0123662955669444,0.3645231381707117,0.3360340955142686,1.084780214379268,0.05943750656777552,2.06201918941724,-0.042663597510310014,0.6666666666666666,0.8500000000000004
train,pure_promethee_score_top10,9,6.796670458806421,0.6154975597571795,0.23760079764173136,0.3597311955227842,0.6604953937798883,-0.018821926802143563,1.9297640441972606,-0.10231438005636861,0.5555555555555556,0.4
train,pure_promethee_score_top20,9,9.45026871235036,1.0170715948727986,0.36594022604668774,0.3619658388968341,1.0109800061850214,0.04546352744606569,2.2076453969182346,-0.07312660853698394,0.5555555555555556,0.41666666666666674
train,pure_promethee_score_top30,9,9.479422981177926,1.0610001702289487,0.3790824588071131,0.33178758724657487,1.1425456327436085,0.08357615945778363,1.9623729063739832,-0.06673012723757221,0.5555555555555556,0.3962962962962963
train,pure_stagewise_score_top10,9,5.036638462888488,0.417161329442874,0.16760907983806383,0.3339516041336662,0.5018963160032531,-0.09804949513875183,1.9883581744301133,-0.055099405722445205,0.6666666666666666,0.8666666666666668
train,pure_stagewise_score_top20,9,5.912557504888201,0.5238957590540811,0.2059059807791126,0.3277264437748432,0.6282861352518001,-0.0760284673935214,2.0747643245643164,-0.04906139592917491,0.6666666666666666,0.8444444444444448
train,pure_stagewise_score_top30,9,5.661472718420253,0.5459868660651035,0.21364442900029967,0.25607571343889274,0.8343018013353366,-0.027688848618977385,1.68718332661303,-0.04445628085928399,0.5555555555555556,0.8481481481481491
valid,hybrid_score_30_70_top10,4,10.61655900875412,0.45592175510099753,0.45592175510099753,0.30362290212373055,1.5016052870583625,0.26564626119492696,0.8352244878761548,-0.059561129434655524,0.75,0.9250000000000003
valid,hybrid_score_30_70_top20,4,3.472188491363882,0.14111965168448037,0.14111965168448037,0.11416449961274971,1.236108003478871,0.08351130104749774,0.29086105606159246,-0.024919424702372073,0.75,0.7875000000000003
valid,hybrid_score_50_50_top10,4,5.2608776382154625,0.19421132603107139,0.19421132603107139,0.2906240106992034,0.6682562998281674,0.05473092105935459,0.8178288137137443,-0.09420162510173158,0.75,0.8250000000000002
valid,hybrid_score_50_50_top20,4,5.574727290422347,0.23192602617833669,0.23192602617833669,0.15721979436504477,1.4751706495674035,0.1500433146601762,0.38314421951656763,-0.036153186295315054,0.75,0.8000000000000004
valid,hybrid_score_50_50_top30,4,3.100041946799483,0.12087022778892864,0.12087022778892864,0.14788824171025813,0.8173078967679996,0.02167589799507326,0.5374612856700922,-0.07391980531981412,0.75,0.7083333333333339
valid,hybrid_score_70_30_top10,4,2.214586831673275,0.08002969385852787,0.08002969385852787,0.16888010258586764,0.47388468287930197,-0.02325453936784168,0.5874238352229639,-0.09420162510173158,0.75,0.8000000000000002
valid,hybrid_score_70_30_top20,4,3.8960906453430497,0.1508242564259259,0.1508242564259259,0.18393064478687143,0.8200061311191108,0.01893586775346598,0.7191014791560071,-0.09450559653453539,0.75,0.7500000000000003
valid,pure_promethee_score_top10,4,0.5975059697156015,0.0005665293435292984,0.0005665293435292984,0.24716332212987968,0.0022921254603933423,-0.12071858225241246,0.7596034702331228,-0.15271312255849812,0.75,0.6500000000000001
valid,pure_promethee_score_top20,4,1.5359997509657948,0.04335822262001954,0.04335822262001954,0.22489890272705548,0.19278983620760687,-0.06072717089120076,0.641677194730394,-0.11871587409577244,0.5,0.5750000000000002
valid,pure_promethee_score_top30,4,2.1332027205604973,0.06154934138132773,0.06154934138132773,0.2607131971195632,0.23608065131087771,-0.05466402125286579,0.7353019962757095,-0.13643910234204726,0.75,0.5083333333333336
valid,pure_stagewise_score_top10,4,6.590105499783375,0.2768276070363733,0.2768276070363733,0.18048077890719186,1.5338342881306248,0.16496400069763112,0.5181030542268945,-0.04369115518100786,0.75,0.9500000000000002
valid,pure_stagewise_score_top20,4,7.5602123943049175,0.3252146766627879,0.3252146766627879,0.17304666813229408,1.8793466535522168,0.1928599339856607,0.575398603674746,-0.03780076282549172,0.75,0.9250000000000005
valid,pure_stagewise_score_top30,4,3.5166890677363987,0.14151584270434414,0.14151584270434414,0.12811273526657266,1.1046196337146557,0.0431761274433642,0.5120691208312201,-0.05372653028371932,0.75,0.8750000000000011
