quarter_idx,window_start,window_end,step,selected_feature,coefficient,train_r2,train_rankic,selection_abs_corr,sse_improvement,valid_rankic_if_available
13,1,12,1,composite_总市值_证监会算法_x_bm,-2.403999276126172,0.013165872899895348,0.16924554094386857,0.11474263767185831,0.01316587289989539,
13,1,12,2,composite_市净率PB_LF_x_bm,-1.7378921418759081,0.020009882291727843,0.14893557102620186,0.08305680117051983,0.0069353189192434194,
13,1,12,3,composite_市净率PB_LF_x_svar,2.3438720489432927,0.031175849741093886,0.20128351126459768,0.10082334753457473,0.011393959232443978,
13,1,12,4,composite_净资产收益率_1年_增长率_x_bm,-1.4495740766540681,0.03596004020095911,0.19261637424483294,0.07025141438181703,0.004938141208171496,
13,1,12,5,composite_市净率PB_LF_x_ntis,-2.7260629538693775,0.04440258222120752,0.20020965100285443,0.06608445846040344,0.008757460657552322,
13,1,12,6,composite_市净率PB_LF_x_dp,1.545624254618903,0.04941517280567742,0.18894044434632631,0.06950728570694514,0.005245504530685351,
13,1,12,7,composite_销售毛利率_TTM_x_dp,-1.4393029970951228,0.0540354094545038,0.2320068099051432,0.06898045512082364,0.00486041489055029,
13,1,12,8,composite_流通市值_x_itgr,1.335411721814899,0.05770928233073447,0.26758488523489293,0.05926264133797176,0.0038837319207816095,
13,1,12,9,composite_经营活动产生的现金流量净额_营业收入_TTM_x_bm,-1.1219399142518451,0.06051224614170558,0.26634706336278696,0.053921869224155455,0.002974627424861173,
13,1,12,10,composite_营业外收支净额_利润总额_TTM_x_infl,-1.069765146054088,0.06310453808845273,0.2735803593326484,0.05237926600377007,0.002759261029322722,
13,1,12,11,composite_经营活动产生的现金流量净额_营业收入_TTM_x_itgr,1.1629006033026836,0.06565365201401341,0.27288144461233366,0.047447199664950084,0.002720809342335519,
13,1,12,12,composite_市净率PB_LF_x_mtr,-2.501788861473812,0.07067427879949106,0.28228984664700385,0.04349735423198253,0.005373410830255573,
13,1,12,13,composite_市净率PB_LF_x_tms,1.9572828917566047,0.07443292981553307,0.28291012329291104,0.04173533740416682,0.0040444926146955065,
13,1,12,14,composite_市盈率PE_TTM_x_svar,0.8027091473642385,0.07585960987257712,0.2852915009857724,0.03870561161275637,0.0015414118576621836,
13,1,12,15,composite_总资产报酬率_TTM_x_m2gr,0.8490907866799233,0.07731789003576939,0.29340133319578104,0.03743064986155574,0.0015779855298730754,
14,2,13,1,composite_总市值_证监会算法_x_bm,-2.7114507453955214,0.01749462721296935,0.18471491540680815,0.13226725676814113,0.01749462721296936,
14,2,13,2,composite_市净率PB_LF_x_bm,-1.9321382387959645,0.026318739526276613,0.15927483370781137,0.09445277846909594,0.008981235683501903,
14,2,13,3,composite_市净率PB_LF_x_svar,3.457073370811765,0.04469984642851543,0.2171765132697238,0.11045974379582313,0.018877950771380703,
14,2,13,4,composite_净资产收益率_1年_增长率_x_bm,-1.5532068221553341,0.05042557285204097,0.21281195504891948,0.07731802530309698,0.005993641267741156,
14,2,13,5,composite_营业外收支净额_利润总额_TTM_x_infl,-1.2304449420124572,0.054025242127048845,0.2334711045796619,0.06154393830408611,0.003790823733342783,
14,2,13,6,composite_销售毛利率_TTM_x_dp,-1.1706257268956466,0.057279400214313325,0.25203263370536194,0.05859090175632629,0.0034400052011763897,
14,2,13,7,composite_市净率PB_LF_x_dp,1.334132619701475,0.06137251982073322,0.2577787895333205,0.06477587787027798,0.004341816236274392,
14,2,13,8,composite_经营活动产生的现金流量净额_营业收入_TTM_x_bm,-1.1317253112640548,0.0643555615509196,0.25976364060359686,0.05577261923753123,0.003178089064275736,
14,2,13,9,composite_市销率PS_TTM_x_ntis,-1.3422194098634335,0.06790674436649868,0.2650178108973633,0.056071667120122355,0.0037954405216853184,
14,2,13,10,composite_经营活动产生的现金流量净额_营业收入_TTM_x_itgr,1.0993446146539423,0.07046403004006074,0.27173741968420434,0.049392963387788584,0.002743594225262297,
14,2,13,11,composite_市销率PS_TTM_x_bm,-1.840207025373598,0.07409581898393158,0.268958351620535,0.0419633538424724,0.003907098876472021,
14,2,13,12,composite_市销率PS_TTM_x_mtr,-1.482420531873807,0.07732580702482528,0.27452029518523474,0.04641900677872773,0.003488469009124883,
14,2,13,13,composite_总资产周转率_TTM_x_dp,-0.8708761389330738,0.07896152189358363,0.2767462100737611,0.04008449314801842,0.0017727978968220402,
14,2,13,14,composite_市盈率PE_TTM_x_itgr,-0.7364686186106962,0.08023563295418734,0.27624587123760874,0.03695417628170425,0.0013833418373824945,
14,2,13,15,composite_经营活动净收益_利润总额_TTM_x_bm,-0.7283702174616143,0.08145581173041205,0.2772395333473102,0.035808190085942763,0.0013266210563731683,
15,3,14,1,composite_总市值_证监会算法_x_bm,-2.6247682399182883,0.016382331309099607,0.1977763840468929,0.12799348151019183,0.0163823313090996,
15,3,14,2,composite_市净率PB_LF_x_bm,-1.9826645107841154,0.025648199614306977,0.1703499105030176,0.09663330644870231,0.009420193028394147,
15,3,14,3,composite_市净率PB_LF_x_svar,3.2080854104291707,0.041950342285446474,0.2191977588570696,0.10557084105723559,0.016731269614000188,
15,3,14,4,composite_市净率PB_LF_x_dp,2.4483768162122566,0.05452710816081929,0.20924989995693635,0.10762169255051915,0.013127467636046128,
15,3,14,5,composite_净资产收益率_1年_增长率_x_bm,-1.4958681672442702,0.0598304618744816,0.20704323186225135,0.07477145691344937,0.005609207582192968,
15,3,14,6,composite_营业外收支净额_利润总额_TTM_x_infl,-1.1590506354603622,0.06302005723440518,0.2180033178243403,0.058201369465482725,0.00339257466933352,
15,3,14,7,composite_营业利润_1年_增长率_x_de,0.9406170097224855,0.06512240354681131,0.22169480591185214,0.04735102583843634,0.0022437474021063924,
15,3,14,8,composite_销售毛利率_TTM_x_dp,-0.9499888884544371,0.06722068362748423,0.23631585641079902,0.0468458006626969,0.0022444436454928125,
15,3,14,9,composite_市销率PS_TTM_x_ntis,-1.0623668291309813,0.06945630896447774,0.23935146895552675,0.04468257338355749,0.002396735538356109,
15,3,14,10,composite_经营活动产生的现金流量净额_营业收入_TTM_x_bm,-0.8888576732942792,0.07128367659670176,0.24333476395955447,0.04370472860181218,0.001963763388896297,
15,3,14,11,composite_经营活动产生的现金流量净额_营业收入_TTM_x_m2gr,-1.3448972419496221,0.07433532922511366,0.25171543985396083,0.04828448056529829,0.003285882407266209,
15,3,14,12,composite_营业利润_1年_增长率_x_mtr,0.8974151545132548,0.07611535759355659,0.2503787986055777,0.042277547909761404,0.0019229732155088555,
15,3,14,13,composite_市销率PS_TTM_x_bm,-1.744614005742208,0.07947192312390183,0.2491290175699831,0.041047811922729674,0.003633100255463108,
15,3,14,14,composite_市盈率PE_TTM_x_itgr,-0.8025658525991338,0.08099042950521795,0.24885226201085117,0.04044087411642989,0.0016496035476389825,
15,3,14,15,composite_净资产收益率_TTM_x_ep,-0.6765812150704504,0.0820612190818516,0.24735022558789374,0.03385534878297112,0.0011651560669353673,
16,4,15,1,composite_总市值_证监会算法_x_bm,-2.607800978012734,0.015881852227824345,0.24555422777443345,0.12602322098654867,0.015881852227824338,
16,4,15,2,composite_市净率PB_LF_x_bm,-2.0011685879514265,0.025115430018978868,0.2100348626988339,0.09624686300565385,0.009382590710330114,
16,4,15,3,composite_市净率PB_LF_x_svar,2.8109583084200795,0.039326102776504834,0.2636901784654129,0.10595159634772709,0.014576774722983535,
16,4,15,4,composite_市净率PB_LF_x_dp,2.4624137994867157,0.051530863355256584,0.2492358840895346,0.10464153485918962,0.012704374100332544,
16,4,15,5,composite_净资产收益率_1年_增长率_x_bm,-1.4612271801562042,0.056500869049621594,0.2425618728788442,0.07226889447066592,0.005240028908000844,
16,4,15,6,composite_营业外收支净额_利润总额_TTM_x_infl,-1.1392939559374629,0.05952751270025458,0.25155501731841573,0.05659507164446179,0.0032078923565984434,
16,4,15,7,composite_市盈率PE_TTM_x_itgr,-1.042973566925147,0.062057035027514695,0.2503000688235927,0.05175067707066788,0.0026896292676490464,
16,4,15,8,composite_营业利润_1年_增长率_x_de,0.9412022173417187,0.06412327150456232,0.253267816930403,0.046906468385024706,0.0022029446930264666,
16,4,15,9,composite_市净率PB_LF_x_ntis,-1.8340399013537323,0.06782780657935994,0.2477559612579056,0.043205543776978106,0.003958357935401614,
16,4,15,10,composite_营业利润_1年_增长率_x_mtr,0.8907879578685128,0.06954427541329333,0.24722737429299246,0.04129879512304908,0.001841364552652745,
16,4,15,11,composite_销售毛利率_TTM_x_de,-0.8385835599222862,0.07115232488008894,0.2577329185986036,0.041136664312397514,0.0017282385655802107,
16,4,15,12,composite_销售毛利率_TTM_x_svar,-0.7772923371185894,0.07253419843233933,0.26467191074446517,0.03817117580267928,0.0014877289239831413,
16,4,15,13,composite_经营活动产生的现金流量净额_营业收入_TTM_x_m2gr,-0.7771307159595379,0.0739227200355832,0.2717267479279074,0.03839135869946091,0.0014971135333474435,
16,4,15,14,composite_经营活动产生的现金流量净额_营业收入_TTM_x_bm,-1.5548192252856015,0.0776120636000236,0.2740622242356833,0.05102340668005708,0.003983839841727054,
16,4,15,15,composite_市销率PS_TTM_x_svar,1.029181038146304,0.0793316687419151,0.27857925814984796,0.03600012595618079,0.0018642970858909163,
17,5,16,1,composite_总市值_证监会算法_x_bm,-2.4938977264059736,0.013939783230167202,0.24630291484085376,0.11806685915263161,0.013939783230167242,
17,5,16,2,composite_市净率PB_LF_x_bm,-2.165042545072107,0.024271434462361463,0.21918989125932337,0.10150845381207878,0.010477708213438536,
17,5,16,3,composite_市净率PB_LF_x_itgr,-2.198318807699696,0.03483788812582422,0.18705230175393026,0.10278380634431583,0.010829296216863816,
17,5,16,4,composite_市净率PB_LF_x_svar,2.021627953350893,0.042336623571438525,0.24425291267642812,0.07975121250489053,0.007769405111699967,
17,5,16,5,composite_市净率PB_LF_x_dp,1.6457465762272827,0.0479637833676656,0.22610502362568838,0.07380239870857534,0.005875926692751405,
17,5,16,6,composite_净资产收益率_1年_增长率_x_bm,-1.4162581305631134,0.052444972003567014,0.22189921545214644,0.06849749732233337,0.0047069518549964625,
17,5,16,7,composite_总资产报酬率_TTM_x_infl,1.1971305236127345,0.05562577204708574,0.22823797945187319,0.057655835940569014,0.003356849944899157,
17,5,16,8,composite_市盈率PE_TTM_x_itgr,-1.0406864915953162,0.05800079249130785,0.2286493093346222,0.049605062465824926,0.0025149145052066526,
17,5,16,9,composite_营业利润_1年_增长率_x_itgr,-0.9778378929942891,0.06014153212617568,0.22755862107528055,0.047645550300712804,0.0022725492949505163,
17,5,16,10,composite_销售毛利率_TTM_x_de,-0.9141350608792621,0.06191431984662854,0.24017852246973617,0.04225379961424815,0.001886228385496497,
17,5,16,11,composite_销售毛利率_TTM_x_svar,-0.8948889339020436,0.06367279647491197,0.24727169386380363,0.04285454009483289,0.0018745373322359544,
17,5,16,12,composite_销售毛利率_TTM_x_m2gr,-0.8864077980062954,0.06536367867181248,0.25252147096908034,0.04164056292507162,0.00180586678517365,
17,5,16,13,composite_经营活动净收益_利润总额_TTM_x_ep,-0.856267432800812,0.0669795727812863,0.25115213535076825,0.04123184544888946,0.0017289014695872095,
17,5,16,14,composite_流通市值_x_de,0.8108572055280214,0.0683758145839447,0.24828446257762637,0.037654883570949954,0.001496475063059941,
17,5,16,15,composite_总市值_证监会算法_x_infl,1.3287875207369575,0.07110911146326726,0.2576849949312427,0.045015441772483615,0.0029339050253423212,
18,6,17,1,composite_市净率PB_LF_x_bm,-2.279808584683326,0.011038722632778941,0.2025975124253747,0.10506532554929313,0.011038722632778924,
18,6,17,2,composite_市净率PB_LF_x_itgr,-2.1647594131352363,0.020501402598803176,0.12130863999323477,0.09537923745335662,0.009568301795612761,
18,6,17,3,composite_销售毛利率_TTM_x_infl,1.9142753677447668,0.028198415005180277,0.1563932877627784,0.08815660170348638,0.007858114781173563,
18,6,17,4,composite_净资产收益率_1年_增长率_x_bm,-1.660995153638789,0.03405064343751829,0.16382569399900518,0.07755379906270288,0.006022040427490334,
18,6,17,5,composite_市净率PB_LF_x_svar,1.956200509130246,0.03966909479059666,0.19787014226204902,0.0634110657856888,0.005816507164591638,
18,6,17,6,composite_市净率PB_LF_x_de,1.4959358148522979,0.044123786010514365,0.191176610667267,0.06593760483166813,0.0046387044254775234,
18,6,17,7,composite_经营活动产生的现金流量净额_营业收入_TTM_x_m2gr,-1.1895309366066356,0.04710020802062731,0.21490355952762846,0.05553373873746219,0.003113815331475233,
18,6,17,8,composite_净资产收益率_TTM_x_itgr,-1.139889377728821,0.049802848034779745,0.21993865048354577,0.05270366947891712,0.0028362268906979814,
18,6,17,9,composite_经营活动产生的现金流量净额_营业收入_TTM_x_bm,-1.6066280329189373,0.053404446353370716,0.2305664426748531,0.04990132145286974,0.0037903695155706634,
18,6,17,10,composite_营业收入_1年_增长率_x_m2gr,1.0568445453620325,0.055687457080688785,0.24094086921459218,0.048178534556098704,0.0024118122238405344,
18,6,17,11,composite_流通市值_x_ep,-1.0006295867140091,0.05774020936377722,0.24296085367528633,0.045808313071916615,0.0021738060120882925,
18,6,17,12,composite_总市值_证监会算法_x_tms,-1.2108561046475983,0.06037975971996845,0.25231590322511155,0.04872939964422986,0.002801297882412064,
18,6,17,13,composite_营业外收支净额_利润总额_TTM_x_bm,-0.9380099480469064,0.0622191142758991,0.25538336901783903,0.04389558088359288,0.001957551015910962,
18,6,17,14,composite_经营活动净收益_利润总额_TTM_x_ep,-0.8290254550097933,0.063664409779422,0.2572922323243516,0.03906403242605381,0.0015411867799021322,
18,6,17,15,composite_总资产周转率_TTM_x_m2gr,-0.8243476669132563,0.06509331947264163,0.26142673319791104,0.038870271824270886,0.00152606576973433,
19,7,18,1,composite_市净率PB_LF_x_bm,-2.3807534601031013,0.011170978754688976,0.2408796075945944,0.10569285101031617,0.011170978754688981,
19,7,18,2,composite_市净率PB_LF_x_svar,2.3935462940941155,0.02051650485986789,0.2510873629103609,0.08844435772848293,0.009451104189285749,
19,7,18,3,composite_总资产报酬率_TTM_x_infl,1.5515364974394779,0.025194999582266564,0.2609983581746744,0.06863006305336454,0.004776491636267317,
19,7,18,4,composite_市净率PB_LF_x_de,1.7823245372727996,0.030889192098462637,0.2406088672340606,0.07288787641364994,0.005841365723150669,
19,7,18,5,composite_净资产收益率_1年_增长率_x_bm,-1.4835470720969475,0.035218504272872875,0.2360447055253069,0.06677281178641546,0.004467303572627262,
19,7,18,6,composite_市净率PB_LF_x_itgr,-1.3229137171298466,0.038322973251470716,0.20868804237151006,0.053815841248030634,0.003217794902106905,
19,7,18,7,composite_销售毛利率_TTM_x_m2gr,-1.2703371069057396,0.04142537937881352,0.22229443878150876,0.05609625335646826,0.003226037475213714,
19,7,18,8,composite_经营活动净收益_利润总额_TTM_x_ep,-1.0091717123740032,0.04342992322741612,0.22205642264179704,0.04569896248503075,0.0020911714179367687,
19,7,18,9,composite_市净率PB_LF_x_infl,3.063809966144831,0.04949647321478434,0.24656189214325538,0.045602680560109604,0.0063419817686921325,
19,7,18,10,composite_总市值_证监会算法_x_mtr,1.037281836911298,0.05152301296449979,0.24624186860339292,0.04513883003157022,0.0021320696794989076,
19,7,18,11,composite_总资产周转率_TTM_x_m2gr,-1.0254423733235578,0.05336455946284979,0.25299464695993285,0.04153620765170117,0.0019415826883747598,
19,7,18,12,composite_净资产收益率_TTM_x_itgr,-0.9485996864714461,0.055033660150422214,0.262904358242082,0.04073586949785069,0.0017631926886503338,
19,7,18,13,composite_销售毛利率_TTM_x_dp,-1.0089754150553556,0.05683950015683503,0.2675370921349248,0.04147241518355725,0.0019110098743837828,
19,7,18,14,composite_总市值_证监会算法_x_de,0.9066583612406469,0.058293067197006,0.26804563954313165,0.03718496739585282,0.0015411661540243508,
19,7,18,15,composite_总市值_证监会算法_x_bm,-0.8690274182976416,0.0596987581016285,0.2712675421682352,0.03754631187913709,0.0014927052734319312,
20,8,19,1,composite_市净率PB_LF_x_bm,-2.4812973287908844,0.011271448151021435,0.22174527135471958,0.10616707658695947,0.011271448151021381,
20,8,19,2,composite_总资产报酬率_TTM_x_infl,1.8472446841014227,0.017512991300698832,0.23162859850509174,0.07941782029553296,0.00631269637961335,
20,8,19,3,composite_总市值_证监会算法_x_ntis,-1.7632169808128293,0.02310593751756662,0.21841502638090915,0.0747929088814486,0.005692641396116043,
20,8,19,4,composite_市净率PB_LF_x_svar,1.7836475778290963,0.028233105189292895,0.24106553126035202,0.06797256928177524,0.00524843774635847,
20,8,19,5,composite_市净率PB_LF_x_de,1.7622595888779005,0.033404706994951905,0.2293966107564934,0.06957658287135574,0.005321854277271312,
20,8,19,6,composite_净资产收益率_1年_增长率_x_bm,-1.4075887054448333,0.037022270744769936,0.22743596616317355,0.061095191580012836,0.003742583660397663,
20,8,19,7,composite_营业外收支净额_利润总额_TTM_x_tms,-1.3646503961636614,0.040424432564082236,0.2624080067510554,0.05937647186184937,0.0035329600217686636,
20,8,19,8,composite_销售毛利率_TTM_x_dp,-1.3319905876933793,0.04343302063463772,0.26937155520287237,0.0538903409941535,0.003135332091244005,
20,8,19,9,composite_市净率PB_LF_x_infl,3.158637830704861,0.05009057306620146,0.2732317339518318,0.0503669925465176,0.006959839274381702,
20,8,19,10,composite_销售毛利率_TTM_x_ntis,-1.0862675696738027,0.052152769291890166,0.27372373243599984,0.04552406388192899,0.002170939846702342,
20,8,19,11,composite_总市值_证监会算法_x_bm,-1.4983591445027564,0.05486041323638968,0.27185713163750436,0.04338058534123029,0.002856624840773766,
20,8,19,12,composite_经营活动产生的现金流量净额_营业收入_TTM_x_ep,-0.8656991365013129,0.05621295366651202,0.27183991748503605,0.037559884135466105,0.0014310483330338328,
20,8,19,13,composite_销售毛利率_TTM_x_mtr,-1.5167592465927298,0.058638635482401225,0.28024952343221843,0.03847415802174982,0.0025701579877714623,
20,8,19,14,composite_市销率PS_TTM_x_bm,-1.2480032312576301,0.06071906547867223,0.284904556989411,0.040155788797994724,0.002210022712518162,
20,8,19,15,composite_经营活动净收益_利润总额_TTM_x_ep,-0.8228981553803202,0.061924631156652254,0.2855065502509795,0.035329377242207714,0.0012834985079244752,
21,9,20,1,composite_市净率PB_LF_x_bm,-2.3612072765291483,0.009949011186839662,0.19732582037066018,0.09974473012064122,0.009949011186839617,
21,9,20,2,composite_销售毛利率_TTM_x_infl,1.8482332718159158,0.01603691184253353,0.1985400347245125,0.07836572306988573,0.006149077900514844,
21,9,20,3,composite_总资产报酬率_TTM_x_ntis,-1.6430780066654276,0.020826705526550415,0.22363049987589856,0.06956861773521233,0.004867859111449126,
21,9,20,4,composite_营业外收支净额_利润总额_TTM_x_tms,-1.4776170294401028,0.024719479821829538,0.24661200850135903,0.06302483384534976,0.003975572370335554,
21,9,20,5,composite_市净率PB_LF_x_ep,-1.4856206515801016,0.028605867392676232,0.2630544203803224,0.06270722164529444,0.003984892028948443,
21,9,20,6,composite_净资产收益率_1年_增长率_x_bm,-1.4013189923025953,0.03210235047040555,0.2595249793100601,0.05992952533466658,0.003599448421975203,
21,9,20,7,composite_市净率PB_LF_x_de,1.341108289743739,0.03522593820846476,0.2673353154542767,0.05604273195637051,0.003227188060201688,
21,9,20,8,composite_市净率PB_LF_x_infl,3.2983980639017916,0.04412527901681784,0.2897121766953795,0.06502586167003296,0.009224274533072964,
21,9,20,9,composite_总市值_证监会算法_x_mtr,1.3539637826987139,0.04727642711062929,0.28463929469685056,0.056351493618264,0.0032966120189582616,
21,9,20,10,composite_经营活动产生的现金流量净额_营业收入_TTM_x_ep,-1.0332405152329072,0.049140151096181306,0.2824603566850111,0.04374625347544185,0.0019562064365635304,
21,9,20,11,composite_净资产收益率_TTM_x_dp,-0.974391959512055,0.05075634989718425,0.28756521631827786,0.0402667879218802,0.0016997234690959706,
21,9,20,12,composite_流通市值_x_de,1.1750826122526874,0.052710396371923096,0.2868582262097538,0.04040376083170586,0.00205852994068199,
21,9,20,13,composite_经营活动净收益_利润总额_TTM_x_ep,-0.7626425337167307,0.053733332577580284,0.28646766081059605,0.0326234806840039,0.0010798558347303777,
21,9,20,14,composite_销售毛利率_TTM_x_bm,0.8385618017904184,0.054881298766683684,0.28960459110684283,0.03331435457389825,0.0012131529394672179,
21,9,20,15,composite_市销率PS_TTM_x_bm,-1.2549013482935878,0.056869138574397016,0.29106763434690947,0.03857205456132586,0.0021032699967943663,
22,10,21,1,composite_市净率PB_LF_x_bm,-1.8558848792750477,0.005874593935646155,0.11320136465346066,0.07664589966623266,0.00587459393564613,-0.04411585639561156
22,10,21,2,composite_总资产报酬率_TTM_x_itgr,-1.9201756578423228,0.012149905558748175,0.13983697259210012,0.07936624950422504,0.0063123943768276,-0.04411585639561156
22,10,21,3,composite_销售毛利率_TTM_x_infl,1.8146133582854644,0.017760592390275054,0.14413027833218223,0.07532662497642809,0.005679694584328977,-0.04411585639561156
22,10,21,4,composite_市净率PB_LF_x_svar,1.672723507421876,0.022172293772511065,0.17285874871427576,0.06443700970674808,0.004491472596250046,-0.04411585639561156
22,10,21,5,composite_市净率PB_LF_x_de,1.8125960888860058,0.027072406966565765,0.19076082763508803,0.0661966499904491,0.005011223513966072,-0.04411585639561156
22,10,21,6,composite_营业收入_1年_增长率_x_itgr,1.4392468965721996,0.030596517682672797,0.2165593799821097,0.060108527526665984,0.003622171620315016,-0.04411585639561156
22,10,21,7,composite_市净率PB_LF_x_infl,2.8462270555744453,0.0370653463939733,0.2362051147949346,0.0558940949395117,0.006672999250876416,-0.04411585639561156
22,10,21,8,composite_总市值_证监会算法_x_ntis,-1.3522460810143264,0.04013208299812454,0.23915143106769138,0.055960868293899235,0.003184781638781779,-0.04411585639561156
22,10,21,9,composite_净资产收益率_1年_增长率_x_bm,-1.1633704323807303,0.042424679506834595,0.23907402163081692,0.048704150642579665,0.0023884499816089243,-0.04411585639561156
22,10,21,10,composite_净资产收益率_TTM_x_de,-1.1488498354400027,0.04458551951367873,0.24804301565012668,0.046540921764754675,0.002256574454875483,-0.04411585639561156
22,10,21,11,composite_经营活动净收益_利润总额_TTM_x_mtr,0.976483571200055,0.04620455799042278,0.25027979072300804,0.04107318927220155,0.0016945927760273925,-0.04411585639561156
22,10,21,12,composite_经营活动产生的现金流量净额_营业收入_TTM_x_de,1.04638414831488,0.04792155438330836,0.2542103212699376,0.04068297619909934,0.0018001725708270753,-0.04411585639561156
22,10,21,13,composite_营业收入_1年_增长率_x_ntis,-0.9114392118906018,0.049317975898409694,0.2545996238387478,0.038020214539386095,0.0014667084645497326,-0.04411585639561156
22,10,21,14,composite_经营活动产生的现金流量净额_营业收入_TTM_x_svar,1.0151978422222538,0.05087306875786102,0.25473206223315265,0.03804084078353285,0.0016357655031091023,-0.04411585639561156
22,10,21,15,composite_营业外收支净额_利润总额_TTM_x_tms,-0.869683916784317,0.05214330794645439,0.2638984068086901,0.036301454577471005,0.0013383238287538355,-0.04411585639561156
23,11,22,1,composite_销售毛利率_TTM_x_infl,2.0373835287381348,0.006499748099451641,0.06385507145290911,0.08062101524696601,0.0064997480994516904,-0.13788084209482923
23,11,22,2,composite_总资产报酬率_TTM_x_itgr,-1.6571794072632233,0.010796092771301224,0.08187443015712412,0.06573098256966058,0.004324452523923021,-0.13788084209482923
23,11,22,3,composite_市净率PB_LF_x_bm,-1.5689619428396915,0.01462156123692604,0.12950368589666064,0.06195178631667385,0.003867219324216069,-0.13788084209482923
23,11,22,4,composite_市净率PB_LF_x_infl,1.8627460106351617,0.01942659562182203,0.16774310486734365,0.06566982488706521,0.004876334001104893,-0.13788084209482923
23,11,22,5,composite_市净率PB_LF_x_de,2.3935198057147713,0.024784905552861725,0.180659844296278,0.05713145407258006,0.005464465900375477,-0.13788084209482923
23,11,22,6,composite_营业收入_1年_增长率_x_itgr,1.3203302011398275,0.027509168710082577,0.20934431895727643,0.05280083860304646,0.002793499785568047,-0.13788084209482923
23,11,22,7,composite_市净率PB_LF_x_itgr,-1.5525714798566663,0.030733661822961666,0.2154406423280595,0.0532220525928832,0.003315705412463594,-0.13788084209482923
23,11,22,8,composite_流通市值_x_mtr,1.2437680279514818,0.033137269696604243,0.21957182243724532,0.049605198520584134,0.0024798218807052766,-0.13788084209482923
23,11,22,9,composite_经营活动产生的现金流量净额_营业收入_TTM_x_ntis,-1.0701347674944799,0.03491249577366706,0.22676598401861944,0.04263412093828179,0.0018360683698148501,-0.13788084209482923
23,11,22,10,composite_净资产收益率_1年_增长率_x_bm,-1.0485610018193379,0.03661221346625998,0.22740736083529042,0.04169886896556203,0.0017612057820139326,-0.13788084209482923
23,11,22,11,composite_销售毛利率_TTM_x_bm,1.0199977891016745,0.038065037896518716,0.23427099351582475,0.036672275924877755,0.001508037002924888,-0.13788084209482923
23,11,22,12,composite_经营活动净收益_利润总额_TTM_x_mtr,0.960889036344948,0.03949586635715363,0.23729777198849697,0.03836772114879271,0.0014874482340324967,-0.13788084209482923
23,11,22,13,composite_净资产收益率_TTM_x_mtr,0.9634335657773242,0.040770353879749366,0.24022333612151,0.034110550144058824,0.0013268943651101135,-0.13788084209482923
23,11,22,14,composite_营业外收支净额_利润总额_TTM_x_bm,-0.8450497651521663,0.04186046049655012,0.24022186174135632,0.03328510428372824,0.0011364396640678935,-0.13788084209482923
23,11,22,15,composite_营业外收支净额_利润总额_TTM_x_m2gr,-1.938750557125782,0.045107642792431735,0.2467426271083436,0.04324091562081111,0.003389049467225166,-0.13788084209482923
24,12,23,1,composite_市净率PB_LF_x_ep,-2.214842713859995,0.007182718313296976,0.141578687519073,0.08475091924750536,0.0071827183132970205,0.055264671226562374
24,12,23,2,composite_销售毛利率_TTM_x_infl,1.8558295113125993,0.012189904084760284,0.15431397633290111,0.0707651508395985,0.005043411173258951,0.055264671226562374
24,12,23,3,composite_市净率PB_LF_x_bm,-1.6978188832573053,0.01627532892210426,0.16523714231836376,0.0632714238718321,0.004135840334329354,0.055264671226562374
24,12,23,4,composite_市净率PB_LF_x_itgr,-2.324695555680019,0.02211931790202637,0.20272844210035926,0.06623766193570073,0.005940675426507905,0.055264671226562374
24,12,23,5,composite_市净率PB_LF_x_ntis,-2.182770840898681,0.02823752313935901,0.20940477919021291,0.07407496202314028,0.006256596892993617,0.055264671226562374
24,12,23,6,composite_净资产收益率_TTM_x_ntis,-1.3114917323952642,0.03072914438543395,0.22593826338920023,0.05036570049055886,0.0025640229021029193,0.055264671226562374
24,12,23,7,composite_总市值_证监会算法_x_itgr,-1.4391411770637224,0.033419796888831454,0.23276895024928337,0.049628381115541846,0.002775955232545951,0.055264671226562374
24,12,23,8,composite_营业收入_1年_增长率_x_ntis,-1.218739008238139,0.035575129160619,0.23886004081758125,0.04700921995409573,0.002229853523639433,0.055264671226562374
24,12,23,9,composite_市净率PB_LF_x_infl,1.5234080472952458,0.038118746600786735,0.2529359508210905,0.04443240498124517,0.0026374448825172243,0.055264671226562374
24,12,23,10,composite_营业利润_1年_增长率_x_bm,-0.9927952080380189,0.039545536384971935,0.25085355956622657,0.0382946462015453,0.0014833325622503866,0.055264671226562374
24,12,23,11,composite_营业外收支净额_利润总额_TTM_x_bm,-0.9744659848724324,0.04091006460375968,0.2475498372264693,0.03734013817604763,0.0014207109972208694,0.055264671226562374
24,12,23,12,composite_经营活动净收益_利润总额_TTM_x_mtr,0.9562539229491533,0.042239387673435824,0.252581113162785,0.03709591759177053,0.0013860254608206945,0.055264671226562374
24,12,23,13,composite_营业外收支净额_利润总额_TTM_x_ntis,-1.2397698621399946,0.044091303500945145,0.24784664182244068,0.03988872503817149,0.0019335894624135594,0.055264671226562374
24,12,23,14,composite_销售毛利率_TTM_x_bm,1.0059530967704091,0.04540461955452135,0.25166575098163785,0.03489649331341926,0.0013738927769839243,0.055264671226562374
24,12,23,15,composite_营业收入_1年_增长率_x_tms,-1.164384418892152,0.04687075586227951,0.263316292193748,0.033679588165027356,0.0015358719912031767,0.055264671226562374
25,13,24,1,composite_总市值_证监会算法_x_bm,2.2251201797072837,0.007973886651408302,0.08423280420021197,0.08929662172449836,0.007973886651408335,-0.041199145409971154
25,13,24,2,composite_销售毛利率_TTM_x_infl,2.0268631859832884,0.014584494947572635,0.11553451041092812,0.0815969416031801,0.006663744237387234,-0.041199145409971154
25,13,24,3,composite_营业收入_1年_增长率_x_itgr,1.7325291940308691,0.01941688207996972,0.1362657217651602,0.07001480853659581,0.004903908156123414,-0.041199145409971154
25,13,24,4,composite_经营活动产生的现金流量净额_营业收入_TTM_x_ntis,-1.0653511342598494,0.02124002499619604,0.1471802600396666,0.043062989822559454,0.0018592436305588148,-0.041199145409971154
25,13,24,5,composite_市净率PB_LF_x_ep,-1.0347595337759228,0.022904597321349418,0.15640562052509274,0.04051758727262907,0.0017006951322737214,-0.041199145409971154
25,13,24,6,composite_净资产收益率_TTM_x_m2gr,-0.9557820402918977,0.02434147273168763,0.15968799144261284,0.03789746892502774,0.0014705579479743576,-0.041199145409971154
25,13,24,7,composite_总市值_证监会算法_x_m2gr,1.100560815507185,0.026153139414392346,0.1662019902882455,0.04152730739031131,0.0018568655242291487,-0.041199145409971154
25,13,24,8,composite_营业外收支净额_利润总额_TTM_x_ep,0.9323813567169947,0.02753136972255954,0.16824342879729906,0.037325129586334035,0.0014152433652025855,-0.041199145409971154
25,13,24,9,composite_市盈率PE_TTM_x_tms,-0.8543634704474707,0.028706229359456215,0.17568527432687456,0.03474753134906414,0.0012081208589335064,-0.041199145409971154
25,13,24,10,composite_总资产报酬率_TTM_x_itgr,-0.9171934574051098,0.029936019039084716,0.1806191496759815,0.03390104126884866,0.0012661356602930156,-0.041199145409971154
25,13,24,11,composite_营业利润_1年_增长率_x_m2gr,-0.7230662507762539,0.030756906972673193,0.1814911002782864,0.028722618804764625,0.0008462204037051443,-0.041199145409971154
25,13,24,12,composite_营业外收支净额_利润总额_TTM_x_tms,-0.6862128467040784,0.03150503408902472,0.18788297777155322,0.027594252758595717,0.0007718673692218717,-0.041199145409971154
25,13,24,13,composite_流通市值_x_de,0.6501689003079368,0.03217539120272328,0.18684236434863274,0.02610656844141733,0.0006921637564404669,-0.041199145409971154
25,13,24,14,composite_总资产周转率_TTM_x_de,-0.703633458702072,0.03292371148805884,0.18672734014980633,0.026937739495579125,0.0007731982412241739,-0.041199145409971154
25,13,24,15,composite_市销率PS_TTM_x_infl,0.8298179377224926,0.03385849405452501,0.19071192360897243,0.02854406763028999,0.0009666068515696229,-0.041199145409971154
26,14,25,1,composite_总市值_证监会算法_x_bm,2.3784076588307506,0.009001593061366164,0.09587116556746603,0.09487672560415596,0.009001593061366135,
26,14,25,2,composite_销售毛利率_TTM_x_infl,2.0062125136955715,0.015400834775502248,0.12513964188332793,0.08032333065604974,0.006457368315963806,
26,14,25,3,composite_营业外收支净额_利润总额_TTM_x_ep,1.311737790128059,0.01813567904678892,0.14585682364424135,0.05267231984554486,0.002777621968289103,
26,14,25,4,composite_营业收入_1年_增长率_x_itgr,1.2320890173973722,0.02054135506542376,0.14826652828087966,0.049396470645304225,0.0024501104351152703,
26,14,25,5,composite_市净率PB_LF_x_ep,-1.0408182094826728,0.022185143064981205,0.1508813253087459,0.040004097653177376,0.0016782617704775146,
26,14,25,6,composite_经营活动产生的现金流量净额_营业收入_TTM_x_ntis,-0.9936833131576761,0.02375247191673102,0.15833041643126486,0.03998622656952892,0.001602889177469254,
26,14,25,7,composite_总市值_证监会算法_x_m2gr,0.9039526724051017,0.02502227984299621,0.1635627070465512,0.035640104917506105,0.001300702833797007,
26,14,25,8,composite_净资产收益率_TTM_x_m2gr,-1.0489771049531222,0.026641553135316354,0.16840107139252697,0.039190734647104354,0.0016608310721801644,
26,14,25,9,composite_市盈率PE_TTM_x_tms,-0.7655793561508822,0.02757363280718461,0.17440678486124775,0.03093520711246818,0.0009575913938700033,
26,14,25,10,composite_营业利润_1年_增长率_x_m2gr,-0.7761256156617031,0.0285100363085925,0.17588057529130918,0.030671093176064614,0.0009629556879571304,
26,14,25,11,composite_销售毛利率_TTM_x_itgr,-0.6963121721824225,0.029263373764400136,0.18035499549435766,0.027516489177780032,0.0007754454332653679,
26,14,25,12,composite_营业外收支净额_利润总额_TTM_x_tms,-0.6106446960161496,0.02985065431563716,0.18574171697983122,0.02446994134299537,0.0006049844369368433,
26,14,25,13,composite_总资产周转率_TTM_x_de,-0.6119275276473519,0.030423702760641103,0.1871652106243474,0.023834094515415197,0.0005906806488640463,
26,14,25,14,composite_流通市值_x_de,0.6896238152624441,0.031154570926750336,0.18557013070237843,0.026981271186814693,0.0007538016019886157,
26,14,25,15,composite_市销率PS_TTM_x_infl,0.835761104302642,0.032093742844192974,0.190193860099346,0.028619517130787316,0.0009693722953732644,
27,15,26,1,composite_总市值_证监会算法_x_bm,2.1651845125075875,0.007329320914963966,0.05935511257944655,0.08561145317633627,0.0073293209149640085,
27,15,26,2,composite_销售毛利率_TTM_x_infl,2.0677090265984837,0.014006283357288485,0.10566924264123119,0.08196906017783197,0.006726261370466526,
27,15,26,3,composite_营业收入_1年_增长率_x_itgr,1.4985607823692393,0.017515410880399984,0.12092016007862552,0.059641802118840334,0.0035589755430288344,
27,15,26,4,composite_营业外收支净额_利润总额_TTM_x_ep,1.3726657676152771,0.020446073853093827,0.14169615460364157,0.054475502345721745,0.002982909864591394,
27,15,26,5,composite_市净率PB_LF_x_ep,-1.138431458900449,0.022377505906235662,0.14960699661663518,0.04335322546564144,0.0019717465282785337,
27,15,26,6,composite_总资产报酬率_TTM_x_de,-1.0235017216312121,0.023951115478620166,0.15927706704429753,0.03932655115325795,0.0016096290560941567,
27,15,26,7,composite_经营活动产生的现金流量净额_营业收入_TTM_x_tms,1.0123275360334019,0.025498357238184055,0.1648907978136353,0.039125904142342835,0.001585209290334512,
27,15,26,8,composite_市盈率PE_TTM_x_tms,-0.7363297790700647,0.02634417759780272,0.16972000380225796,0.02942913689879018,0.0008679517021864381,
27,15,26,9,composite_净资产收益率_TTM_x_ntis,-0.6822268009811587,0.02705362315976556,0.17607648522711672,0.026653276841213085,0.0007286410101390497,
27,15,26,10,composite_总市值_证监会算法_x_m2gr,0.7510735822411961,0.027892845155069623,0.18250444422765713,0.028649230505076746,0.0008625572953254707,
27,15,26,11,composite_市销率PS_TTM_x_infl,0.7108366127555885,0.0285886957627286,0.18831636987700634,0.0251103169974251,0.0007158167740983187,
27,15,26,12,composite_总资产周转率_TTM_x_dp,-0.8053740284862274,0.029443906405369313,0.18915778383666806,0.027248145074204675,0.000880379545626292,
27,15,26,13,composite_销售毛利率_TTM_x_itgr,-0.6121960813031652,0.030019544575379586,0.19300682910637615,0.024138582390706653,0.0005931013918817621,
27,15,26,14,composite_营业外收支净额_利润总额_TTM_x_tms,-0.5424831741188993,0.030471372265413965,0.1965385967500363,0.021387898860761145,0.0004658111279537479,
27,15,26,15,composite_营业利润_利润总额_TTM_x_mtr,-0.6967152528711261,0.031177171876521026,0.19710942385517394,0.02602009157824504,0.0007279822285972344,
28,16,27,1,composite_销售毛利率_TTM_x_infl,2.1926598730645086,0.007548768800176742,0.08304755781576106,0.08688365093719627,0.007548768800176722,
28,16,27,2,composite_总市值_证监会算法_x_ep,-2.0879638479433313,0.014389135186195556,0.12673652844635694,0.08299176648550423,0.006892395486022237,
28,16,27,3,composite_营业外收支净额_利润总额_TTM_x_ep,1.4808372401255323,0.017820356545275584,0.15105729201979315,0.05890089239659543,0.003481314463521256,
28,16,27,4,composite_营业收入_1年_增长率_x_itgr,1.3168329043698257,0.020529411953146504,0.15369942226977587,0.05238717264998275,0.0027582076516491586,
28,16,27,5,composite_总资产报酬率_TTM_x_de,-1.0180899741113587,0.022094802664585633,0.1590037014074677,0.03920794668229695,0.0015982008347598029,
28,16,27,6,composite_经营活动产生的现金流量净额_营业收入_TTM_x_tms,1.1164942120893937,0.0239904244762289,0.163903360726002,0.0433291381564367,0.0019384515153498558,
28,16,27,7,composite_市净率PB_LF_x_ep,-1.0218045574454924,0.025466605759326022,0.1695915475588771,0.036904389608348534,0.0015124659840605663,
28,16,27,8,composite_总市值_证监会算法_x_itgr,-0.9131188094839644,0.026644109284408524,0.17194585125139067,0.03296626693464888,0.001208274166941173,
28,16,27,9,composite_市盈率PE_TTM_x_tms,-0.6958547543101657,0.027402520084145898,0.17631735105024454,0.027879391196814422,0.0007791711202156764,
28,16,27,10,composite_净资产收益率_TTM_x_ntis,-0.7559645651038858,0.028264913755751242,0.18216329560003797,0.029192464363272403,0.0008866912462902016,
28,16,27,11,composite_营业外收支净额_利润总额_TTM_x_tms,-0.6613054962145785,0.028943208951929922,0.18961760763007868,0.026258860368553665,0.0006980248071521851,
28,16,27,12,composite_营业利润_利润总额_TTM_x_mtr,-0.6973610481425632,0.029658388795967605,0.19070175505788092,0.02626445977035117,0.0007364964136297921,
28,16,27,13,composite_营业利润_利润总额_TTM_x_de,-0.7430235842739447,0.030412841195344598,0.19373876885241484,0.02601357999750253,0.0007775121572296474,
28,16,27,14,composite_营业外收支净额_利润总额_TTM_x_itgr,-0.8642553627838376,0.031296408385261154,0.2073320270868223,0.026202171005267803,0.0009112818604217276,
28,16,27,15,composite_销售毛利率_TTM_x_bm,0.7517123342123563,0.032032690483592585,0.20840181212996567,0.025114834279927577,0.000760069545219841,
29,17,28,1,composite_总市值_证监会算法_x_ep,-2.197023887407834,0.007668195820960344,0.07780432255456812,0.0875682352280801,0.007668195820960359,
29,17,28,2,composite_销售毛利率_TTM_x_infl,1.968735085902654,0.013816235912594399,0.12833299318774444,0.07865188505255323,0.006195548772842548,
29,17,28,3,composite_营业外收支净额_利润总额_TTM_x_ep,1.344395611755081,0.01667858164901259,0.1408004703139714,0.05379033650120436,0.002902446623694879,
29,17,28,4,composite_市净率PB_LF_x_ep,-1.3565652487755222,0.019334380882825575,0.1566114410711466,0.04953304033298206,0.002700845506107958,
29,17,28,5,composite_营业收入_1年_增长率_x_itgr,1.1730438789756295,0.021504945047285395,0.1610023270940632,0.04687983533154805,0.0022133580724628685,
29,17,28,6,composite_销售毛利率_TTM_x_tms,1.0774457801767403,0.023142723281305733,0.1567116955963536,0.03855391933274948,0.0016737726222841658,
29,17,28,7,composite_总市值_证监会算法_x_itgr,-0.9668917259510962,0.0244938955381101,0.1559408386281267,0.03547361915011304,0.0013831828753357624,
29,17,28,8,composite_总资产报酬率_TTM_x_de,-0.9626149769940741,0.025885973410130214,0.15845581558401767,0.036735343186202,0.00142703143081607,
29,17,28,9,composite_市销率PS_TTM_x_tms,-0.9930388758824622,0.027269746042708487,0.17811597156642026,0.03542270883447504,0.0014205448179640137,
29,17,28,10,composite_经营活动产生的现金流量净额_营业收入_TTM_x_ntis,-0.7437648298084788,0.02808111197667007,0.18111443708880737,0.02775064622788181,0.0008341119551497284,
29,17,28,11,composite_总资产周转率_TTM_x_de,-0.8028881128330793,0.028944384425453107,0.18167402293866902,0.02736314570669057,0.000888214499605789,
29,17,28,12,composite_营业利润_利润总额_TTM_x_m2gr,0.7066983189142678,0.029666912511415733,0.18300539735463783,0.026030757403813973,0.0007440645771201143,
29,17,28,13,composite_流通市值_x_tms,0.7298959207229461,0.030400002033307283,0.18273169866141628,0.02558137221297211,0.0007555029621724741,
29,17,28,14,composite_市盈率PE_TTM_x_tms,-0.5660665151380856,0.030893596594649964,0.18492600465872147,0.02221747901904697,0.0005090702994819876,
29,17,28,15,composite_营业利润_1年_增长率_x_mtr,0.5653103578644713,0.03138532670598382,0.18777339840283636,0.022168806380278655,0.0005074056982865471,
30,18,29,1,composite_总市值_证监会算法_x_svar,1.6292503351157082,0.004383102357358726,0.11446007660972085,0.06620500251007318,0.004383102357358726,
30,18,29,2,composite_总市值_证监会算法_x_mtr,-1.5498858781844511,0.008344117464729295,0.0743942629864342,0.06303150266850568,0.003978453074419646,
30,18,29,3,composite_市销率PS_TTM_x_infl,1.3023965709260743,0.011137527488724541,0.13636354429049066,0.0530039163067301,0.002816914691065703,
30,18,29,4,composite_营业收入_1年_增长率_x_itgr,1.1911385680324322,0.01347931517420009,0.13763727625094066,0.0486535233080749,0.0023681631678552535,
30,18,29,5,composite_市净率PB_LF_x_ep,-0.958283498825987,0.0149098974760562,0.1593036616968714,0.036988162151320024,0.0014501290483419967,
30,18,29,6,composite_营业外收支净额_利润总额_TTM_x_svar,-0.9236527670018079,0.016303385391535863,0.16598293902886121,0.03740705395148409,0.0014145791455109755,
30,18,29,7,composite_营业外收支净额_利润总额_TTM_x_tms,-0.9534991531380786,0.017661568307591025,0.18199107888242344,0.03534307855310777,0.0013806928842545552,
30,18,29,8,composite_营业外收支净额_利润总额_TTM_x_mtr,1.1339800250287915,0.01962643747657178,0.20460838246768534,0.04302240444158708,0.0020001957630788867,
30,18,29,9,composite_销售毛利率_TTM_x_infl,0.9754530404644636,0.021017765952677014,0.1982779186154419,0.03545067625084069,0.0014191819621533234,
30,18,29,10,composite_流通市值_x_infl,-0.9873696403054226,0.022453655402372208,0.19895096133110063,0.03617019436246032,0.0014667165549664774,
30,18,29,11,composite_营业外收支净额_利润总额_TTM_x_m2gr,1.1132019312139527,0.023946008590813195,0.2117636485704276,0.033367679184559365,0.0015266316494233943,
30,18,29,12,composite_营业利润_利润总额_TTM_x_de,-1.18449919210086,0.025567401426422887,0.2158315381065542,0.03409679610704559,0.0016611712567957968,
30,18,29,13,composite_总资产周转率_TTM_x_de,-0.8348849386333613,0.026653552965398286,0.21095212965022406,0.03243283449794929,0.0011146502493505962,
30,18,29,14,composite_经营活动产生的现金流量净额_营业收入_TTM_x_ntis,-0.7066216275243337,0.027460148439335308,0.2099910876019894,0.028472928901094253,0.0008286828152447183,
30,18,29,15,composite_市盈率PE_TTM_x_tms,-0.6695022954059169,0.028188346865291813,0.21095352235316525,0.027141945552866788,0.0007487594722086197,
