feature,selected_count,avg_abs_coefficient,first_selected_avg_step,stock_factor,macro_factor,is_composite,feature_group
composite_市净率PB_LF_x_bm,12,2.037053198329836,1.75,市净率PB(LF),bm,True,macro_micro_composite
composite_销售毛利率_TTM_x_infl,11,1.8825425239641682,2.6363636363636362,销售毛利率(TTM),infl,True,macro_micro_composite
composite_净资产收益率_1年_增长率_x_bm,11,1.4128650667687475,5.818181818181818,净资产收益率(1年，增长率),bm,True,macro_micro_composite
composite_总市值_证监会算法_x_bm,10,2.1978015879704706,3.4,总市值(证监会算法),bm,True,macro_micro_composite
composite_市净率PB_LF_x_svar,9,2.4053038867145036,3.4444444444444446,市净率PB(LF),svar,True,macro_micro_composite
composite_营业收入_1年_增长率_x_itgr,8,1.3629714303609244,4.375,营业收入(1年，增长率),itgr,True,macro_micro_composite
composite_市净率PB_LF_x_ep,8,1.2813907340807678,4.625,市净率PB(LF),ep,True,macro_micro_composite
composite_营业外收支净额_利润总额_TTM_x_tms,8,0.8957620885724833,10.25,营业外收支净额/利润总额(TTM),tms,True,macro_micro_composite
composite_市净率PB_LF_x_infl,6,2.6255378290427225,7.666666666666667,市净率PB(LF),infl,True,macro_micro_composite
composite_市净率PB_LF_x_de,6,1.764624020891252,5.333333333333333,市净率PB(LF),de,True,macro_micro_composite
composite_市盈率PE_TTM_x_tms,6,0.7146160284204309,10.666666666666666,市盈率PE(TTM),tms,True,macro_micro_composite
composite_市净率PB_LF_x_itgr,5,1.912651794700293,4.4,市净率PB(LF),itgr,True,macro_micro_composite
composite_市净率PB_LF_x_dp,5,1.8872588132493266,5.2,市净率PB(LF),dp,True,macro_micro_composite
composite_营业外收支净额_利润总额_TTM_x_ep,5,1.2884035532681888,4.2,营业外收支净额/利润总额(TTM),ep,True,macro_micro_composite
composite_经营活动产生的现金流量净额_营业收入_TTM_x_bm,5,1.2607940314029435,10.0,经营活动产生的现金流量净额/营业收入(TTM),bm,True,macro_micro_composite
composite_销售毛利率_TTM_x_dp,5,1.1801767230387883,8.4,销售毛利率(TTM),dp,True,macro_micro_composite
composite_经营活动产生的现金流量净额_营业收入_TTM_x_ntis,5,0.9159111344489637,8.6,经营活动产生的现金流量净额/营业收入(TTM),ntis,True,macro_micro_composite
composite_经营活动净收益_利润总额_TTM_x_ep,5,0.8560010578563318,12.6,经营活动净收益/利润总额(TTM),ep,True,macro_micro_composite
composite_市销率PS_TTM_x_bm,4,1.5219314026667559,13.25,市销率PS(TTM),bm,True,macro_micro_composite
composite_营业外收支净额_利润总额_TTM_x_infl,4,1.1496386698660925,6.75,营业外收支净额/利润总额(TTM),infl,True,macro_micro_composite
composite_市销率PS_TTM_x_infl,4,0.9197030564266994,11.0,市销率PS(TTM),infl,True,macro_micro_composite
composite_市盈率PE_TTM_x_itgr,4,0.9056736324325734,10.75,市盈率PE(TTM),itgr,True,macro_micro_composite
composite_销售毛利率_TTM_x_bm,4,0.9040562554687146,13.5,销售毛利率(TTM),bm,True,macro_micro_composite
composite_流通市值_x_de,4,0.8314331333377725,13.25,流通市值,de,True,macro_micro_composite
composite_总资产周转率_TTM_x_de,4,0.7383335094539661,12.75,总资产周转率(TTM),de,True,macro_micro_composite
composite_市净率PB_LF_x_ntis,3,2.2476245653739304,6.333333333333333,市净率PB(LF),ntis,True,macro_micro_composite
composite_总资产报酬率_TTM_x_infl,3,1.531970568384545,4.0,总资产报酬率(TTM),infl,True,macro_micro_composite
composite_总资产报酬率_TTM_x_itgr,3,1.4981828408368854,4.666666666666667,总资产报酬率(TTM),itgr,True,macro_micro_composite
composite_总市值_证监会算法_x_mtr,3,1.313710499264821,7.0,总市值(证监会算法),mtr,True,macro_micro_composite
composite_总市值_证监会算法_x_itgr,3,1.1063839041662609,7.333333333333333,总市值(证监会算法),itgr,True,macro_micro_composite
composite_经营活动产生的现金流量净额_营业收入_TTM_x_m2gr,3,1.1038529648385984,10.333333333333334,经营活动产生的现金流量净额/营业收入(TTM),m2gr,True,macro_micro_composite
composite_总资产报酬率_TTM_x_de,3,1.0014022242455483,6.333333333333333,总资产报酬率(TTM),de,True,macro_micro_composite
composite_经营活动净收益_利润总额_TTM_x_mtr,3,0.9645421768313854,11.666666666666666,经营活动净收益/利润总额(TTM),mtr,True,macro_micro_composite
composite_营业外收支净额_利润总额_TTM_x_bm,3,0.9191752326905017,12.666666666666666,营业外收支净额/利润总额(TTM),bm,True,macro_micro_composite
composite_总市值_证监会算法_x_m2gr,3,0.9185290233844943,8.0,总市值(证监会算法),m2gr,True,macro_micro_composite
composite_净资产收益率_TTM_x_ntis,3,0.9165610328267695,8.333333333333334,净资产收益率(TTM),ntis,True,macro_micro_composite
composite_营业利润_1年_增长率_x_mtr,3,0.7845044900820796,12.333333333333334,营业利润(1年，增长率),mtr,True,macro_micro_composite
composite_总市值_证监会算法_x_ep,2,2.142493867675583,1.5,总市值(证监会算法),ep,True,macro_micro_composite
composite_总市值_证监会算法_x_ntis,2,1.557731530913578,5.5,总市值(证监会算法),ntis,True,macro_micro_composite
composite_营业外收支净额_利润总额_TTM_x_m2gr,2,1.5259762441698674,13.0,营业外收支净额/利润总额(TTM),m2gr,True,macro_micro_composite
composite_市销率PS_TTM_x_ntis,2,1.2022931194972073,9.0,市销率PS(TTM),ntis,True,macro_micro_composite
composite_经营活动产生的现金流量净额_营业收入_TTM_x_itgr,2,1.131122608978313,10.5,经营活动产生的现金流量净额/营业收入(TTM),itgr,True,macro_micro_composite
composite_销售毛利率_TTM_x_m2gr,2,1.0783724524560174,9.5,销售毛利率(TTM),m2gr,True,macro_micro_composite
composite_营业收入_1年_增长率_x_ntis,2,1.0650891100643705,10.5,营业收入(1年，增长率),ntis,True,macro_micro_composite
composite_经营活动产生的现金流量净额_营业收入_TTM_x_tms,2,1.0644108740613978,6.5,经营活动产生的现金流量净额/营业收入(TTM),tms,True,macro_micro_composite
composite_净资产收益率_TTM_x_itgr,2,1.0442445321001337,10.0,净资产收益率(TTM),itgr,True,macro_micro_composite
composite_净资产收益率_TTM_x_m2gr,2,1.00237957262251,7.0,净资产收益率(TTM),m2gr,True,macro_micro_composite
composite_营业利润_利润总额_TTM_x_de,2,0.9637613881874023,12.5,营业利润/利润总额(TTM),de,True,macro_micro_composite
composite_经营活动产生的现金流量净额_营业收入_TTM_x_ep,2,0.94946982586711,11.0,经营活动产生的现金流量净额/营业收入(TTM),ep,True,macro_micro_composite
composite_营业利润_1年_增长率_x_de,2,0.9409096135321021,7.5,营业利润(1年，增长率),de,True,macro_micro_composite
composite_总资产周转率_TTM_x_m2gr,2,0.9248950201184071,13.0,总资产周转率(TTM),m2gr,True,macro_micro_composite
composite_销售毛利率_TTM_x_de,2,0.8763593104007741,10.5,销售毛利率(TTM),de,True,macro_micro_composite
composite_总资产周转率_TTM_x_dp,2,0.8381250837096506,12.5,总资产周转率(TTM),dp,True,macro_micro_composite
composite_销售毛利率_TTM_x_svar,2,0.8360906355103165,11.5,销售毛利率(TTM),svar,True,macro_micro_composite
composite_营业利润_1年_增长率_x_m2gr,2,0.7495959332189785,10.5,营业利润(1年，增长率),m2gr,True,macro_micro_composite
composite_营业利润_利润总额_TTM_x_mtr,2,0.6970381505068446,13.5,营业利润/利润总额(TTM),mtr,True,macro_micro_composite
composite_销售毛利率_TTM_x_itgr,2,0.6542541267427938,12.0,销售毛利率(TTM),itgr,True,macro_micro_composite
composite_市净率PB_LF_x_mtr,1,2.501788861473812,12.0,市净率PB(LF),mtr,True,macro_micro_composite
composite_市净率PB_LF_x_tms,1,1.9572828917566047,13.0,市净率PB(LF),tms,True,macro_micro_composite
composite_总资产报酬率_TTM_x_ntis,1,1.6430780066654276,3.0,总资产报酬率(TTM),ntis,True,macro_micro_composite
composite_总市值_证监会算法_x_svar,1,1.6292503351157082,1.0,总市值(证监会算法),svar,True,macro_micro_composite
composite_销售毛利率_TTM_x_mtr,1,1.5167592465927298,13.0,销售毛利率(TTM),mtr,True,macro_micro_composite
composite_市销率PS_TTM_x_mtr,1,1.482420531873807,12.0,市销率PS(TTM),mtr,True,macro_micro_composite
composite_流通市值_x_itgr,1,1.335411721814899,8.0,流通市值,itgr,True,macro_micro_composite
composite_总市值_证监会算法_x_infl,1,1.3287875207369575,15.0,总市值(证监会算法),infl,True,macro_micro_composite
composite_流通市值_x_mtr,1,1.2437680279514818,8.0,流通市值,mtr,True,macro_micro_composite
composite_营业外收支净额_利润总额_TTM_x_ntis,1,1.2397698621399946,13.0,营业外收支净额/利润总额(TTM),ntis,True,macro_micro_composite
composite_总市值_证监会算法_x_tms,1,1.2108561046475983,12.0,总市值(证监会算法),tms,True,macro_micro_composite
composite_营业收入_1年_增长率_x_tms,1,1.164384418892152,15.0,营业收入(1年，增长率),tms,True,macro_micro_composite
composite_净资产收益率_TTM_x_de,1,1.1488498354400027,10.0,净资产收益率(TTM),de,True,macro_micro_composite
composite_营业外收支净额_利润总额_TTM_x_mtr,1,1.1339800250287915,8.0,营业外收支净额/利润总额(TTM),mtr,True,macro_micro_composite
composite_销售毛利率_TTM_x_ntis,1,1.0862675696738027,10.0,销售毛利率(TTM),ntis,True,macro_micro_composite
composite_销售毛利率_TTM_x_tms,1,1.0774457801767403,6.0,销售毛利率(TTM),tms,True,macro_micro_composite
composite_营业收入_1年_增长率_x_m2gr,1,1.0568445453620325,10.0,营业收入(1年，增长率),m2gr,True,macro_micro_composite
composite_经营活动产生的现金流量净额_营业收入_TTM_x_de,1,1.04638414831488,12.0,经营活动产生的现金流量净额/营业收入(TTM),de,True,macro_micro_composite
composite_市销率PS_TTM_x_svar,1,1.029181038146304,15.0,市销率PS(TTM),svar,True,macro_micro_composite
composite_经营活动产生的现金流量净额_营业收入_TTM_x_svar,1,1.0151978422222538,14.0,经营活动产生的现金流量净额/营业收入(TTM),svar,True,macro_micro_composite
composite_流通市值_x_ep,1,1.0006295867140091,11.0,流通市值,ep,True,macro_micro_composite
composite_市销率PS_TTM_x_tms,1,0.9930388758824622,9.0,市销率PS(TTM),tms,True,macro_micro_composite
composite_营业利润_1年_增长率_x_bm,1,0.9927952080380189,10.0,营业利润(1年，增长率),bm,True,macro_micro_composite
composite_流通市值_x_infl,1,0.9873696403054226,10.0,流通市值,infl,True,macro_micro_composite
composite_营业利润_1年_增长率_x_itgr,1,0.9778378929942891,9.0,营业利润(1年，增长率),itgr,True,macro_micro_composite
composite_净资产收益率_TTM_x_dp,1,0.974391959512055,11.0,净资产收益率(TTM),dp,True,macro_micro_composite
composite_净资产收益率_TTM_x_mtr,1,0.9634335657773242,13.0,净资产收益率(TTM),mtr,True,macro_micro_composite
composite_营业外收支净额_利润总额_TTM_x_svar,1,0.9236527670018079,6.0,营业外收支净额/利润总额(TTM),svar,True,macro_micro_composite
composite_总市值_证监会算法_x_de,1,0.9066583612406469,14.0,总市值(证监会算法),de,True,macro_micro_composite
composite_营业外收支净额_利润总额_TTM_x_itgr,1,0.8642553627838376,14.0,营业外收支净额/利润总额(TTM),itgr,True,macro_micro_composite
composite_总资产报酬率_TTM_x_m2gr,1,0.8490907866799233,15.0,总资产报酬率(TTM),m2gr,True,macro_micro_composite
composite_市盈率PE_TTM_x_svar,1,0.8027091473642385,14.0,市盈率PE(TTM),svar,True,macro_micro_composite
composite_流通市值_x_tms,1,0.7298959207229461,13.0,流通市值,tms,True,macro_micro_composite
composite_经营活动净收益_利润总额_TTM_x_bm,1,0.7283702174616143,15.0,经营活动净收益/利润总额(TTM),bm,True,macro_micro_composite
composite_营业利润_利润总额_TTM_x_m2gr,1,0.7066983189142678,12.0,营业利润/利润总额(TTM),m2gr,True,macro_micro_composite
composite_净资产收益率_TTM_x_ep,1,0.6765812150704504,15.0,净资产收益率(TTM),ep,True,macro_micro_composite
